ID,fixed acidity,volatile acidity,citric acid,residual sugar,chlorides,free sulfur dioxide,total sulfur dioxide,density,pH,sulphates,alcohol,Column1
3429,6.9,0.28,0.24,2.1,0.034,49,121,0.98882,2.98,0.43,13.2,1
3430,6.1,0.28,0.27,4.7,0.03,56,140,0.99042,3.16,0.42,12.5,1
3431,6.5,0.28,0.34,3.6,0.04,29,121,0.99111,3.28,0.48,12.1,1
3432,6.9,0.19,0.35,6.9,0.045,51,125,0.9933,3.1,0.44,10.7,1
3433,6.5,0.28,0.34,3.6,0.04,29,121,0.99111,3.28,0.48,12.1,1
3434,6.1,0.28,0.27,4.7,0.03,56,140,0.99042,3.16,0.42,12.5,1
3435,6.6,0.24,0.3,11.3,0.026,11,77,0.99381,3.13,0.55,12.8,1
3436,6.9,0.28,0.3,8.3,0.026,37,113,0.99139,2.99,0.38,12.3,1
3437,8.9,0.3,0.35,4.6,0.032,32,148,0.99458,3.15,0.45,11.5,1
3438,8.9,0.3,0.35,4.6,0.032,32,148,0.99458,3.15,0.45,11.5,1
3439,6.1,0.3,0.3,2.1,0.031,50,163,0.9895,3.39,0.43,12.7,1
3440,6.1,0.3,0.3,2.1,0.031,50,163,0.9895,3.39,0.43,12.7,1
3441,6.3,0.29,0.28,4.7,0.059,28,81,0.99036,3.24,0.56,12.7,1
3442,6.2,0.28,0.28,4.3,0.026,22,105,0.989,2.98,0.64,13.1,1
3443,6.2,0.255,0.27,1.3,0.037,30,86,0.98834,3.05,0.59,12.9,1
3444,5.9,0.27,0.27,5,0.035,14,97,0.99058,3.1,0.33,11.8,1
3445,6.6,0.15,0.32,6,0.033,59,128,0.99192,3.19,0.71,12.1,1
3446,6.7,0.47,0.29,4.75,0.034,29,134,0.99056,3.29,0.46,13,1
3447,6.6,0.15,0.32,6,0.033,59,128,0.99192,3.19,0.71,12.1,1
3448,6.6,0.21,0.29,5.35,0.029,43,106,0.99112,2.93,0.43,11.5,1
3449,6.6,0.21,0.29,5.35,0.029,43,106,0.99112,2.93,0.43,11.5,1
3450,6.1,0.105,0.31,1.3,0.037,55,145,0.9912,3.41,0.41,11.1,1
3451,5.8,0.32,0.2,2.6,0.027,17,123,0.98936,3.36,0.78,13.9,1
3452,6.7,0.24,0.3,3.85,0.042,105,179,0.99189,3.04,0.59,11.3,1
3453,6.2,0.3,0.31,1.6,0.035,40,106,0.98914,3.26,0.39,12.9,1
3454,6.6,0.16,0.36,1.1,0.031,27,93,0.98884,3.23,0.34,13.2,1
3455,6.7,0.24,0.3,3.85,0.042,105,179,0.99189,3.04,0.59,11.3,1
3456,6.5,0.3,0.27,4,0.038,37,97,0.99026,3.2,0.6,12.6,1
3457,6.2,0.37,0.24,6.1,0.032,19,86,0.98934,3.04,0.26,13.4,1
3458,7.6,0.31,0.24,1.8,0.037,39,150,0.9913,3.05,0.44,11.8,1
3459,5.9,0.32,0.28,4.7,0.039,34,94,0.98964,3.22,0.57,13.1,1
3460,6.5,0.3,0.27,4,0.038,37,97,0.99026,3.2,0.6,12.6,1
3461,5.4,0.45,0.27,6.4,0.033,20,102,0.98944,3.22,0.27,13.4,1
3462,6.1,0.36,0.26,8.15,0.035,14,88,0.99031,3.06,0.27,13,1
3463,6.2,0.37,0.24,6.1,0.032,19,86,0.98934,3.04,0.26,13.4,1
3464,7.5,0.21,0.32,4.8,0.056,39,113,0.99393,3.11,0.52,10.2,1
3465,6.7,0.28,0.31,7.4,0.041,7,81,0.99254,3.04,0.47,11.4,1
3466,7.6,0.31,0.24,1.8,0.037,39,150,0.9913,3.05,0.44,11.8,1
3467,6,0.28,0.27,15.5,0.036,31,134,0.99408,3.19,0.44,13,1
3468,6,0.28,0.27,15.5,0.036,31,134,0.99408,3.19,0.44,13,1
3469,6.3,0.22,0.28,2.4,0.042,38,102,0.98998,3.14,0.37,11.6,1
3470,6,0.24,0.28,3.95,0.038,61,134,0.99146,3.3,0.54,11.3,1
3471,6.1,0.33,0.3,3,0.036,30,124,0.98922,3.31,0.4,13.1,1
3472,6,0.28,0.27,15.5,0.036,31,134,0.99408,3.19,0.44,13,1
3473,6.9,0.33,0.31,4.2,0.04,21,93,0.9896,3.18,0.48,13.4,1
3474,6.5,0.16,0.34,1.4,0.029,29,133,0.99108,3.33,0.64,11.5,1
3475,6,0.2,0.32,3,0.031,26,118,0.99134,3.38,0.68,11.2,1
3476,7.1,0.36,0.28,2.4,0.036,35,115,0.98936,3.19,0.44,13.5,1
3477,6.5,0.19,0.28,1.4,0.046,22,90,0.99038,3.18,0.51,11.7,1
3478,6.8,0.19,0.33,1.3,0.031,22,87,0.98987,3.08,0.62,12.3,1
3479,7.2,0.33,0.34,2,0.044,61,171,0.98947,3.25,0.53,13.3,1
3480,6.6,0.29,0.29,1.8,0.036,38,102,0.98819,3.08,0.42,13.7,1
3481,6.9,0.33,0.62,7.5,0.038,46,132,0.99143,3.23,0.43,13.4,1
3482,5.9,0.23,0.24,3.8,0.038,61,152,0.99139,3.31,0.5,11.3,1
3483,7.1,0.35,0.27,3.1,0.034,28,134,0.9897,3.26,0.38,13.1,1
3484,6.5,0.28,0.25,4.8,0.029,54,128,0.99074,3.17,0.44,12.2,1
3485,4.8,0.21,0.21,10.2,0.037,17,112,0.99324,3.66,0.48,12.2,1
3486,7.8,0.15,0.34,1.1,0.035,31,93,0.99096,3.07,0.72,11.3,1
3487,6.8,0.18,0.28,1.1,0.027,32,112,0.99089,3.15,0.45,11,1
3488,7.3,0.23,0.27,2.6,0.035,39,120,0.99138,3.04,0.59,11.3,1
3489,7.4,0.25,0.28,7.25,0.028,14,78,0.99238,2.94,0.37,11.5,1
3490,7.2,0.26,0.24,7,0.023,19,130,0.99176,3.14,0.49,12.8,1
3491,7.4,0.25,0.28,7.25,0.028,14,78,0.99238,2.94,0.37,11.5,1
3492,7,0.24,0.35,1,0.032,42,104,0.98988,3.16,0.37,11.7,1
3493,5.8,0.28,0.28,4.2,0.044,52,158,0.992,3.35,0.44,10.7,1
3494,6.6,0.19,0.35,1.5,0.037,37,107,0.99006,3.18,0.68,12,1
3495,5.6,0.28,0.27,3.9,0.043,52,158,0.99202,3.35,0.44,10.7,1
3496,5.6,0.28,0.28,4.2,0.044,52,158,0.992,3.35,0.44,10.7,1
3497,6.8,0.19,0.32,7.6,0.049,37,107,0.99332,3.12,0.44,10.7,1
3498,7.2,0.16,0.29,1,0.031,40,123,0.98958,3.12,0.4,12.1,1
3499,6.6,0.17,0.28,1.1,0.034,55,108,0.98939,3,0.52,11.9,1
3500,5.8,0.2,0.24,1.4,0.033,65,169,0.99043,3.59,0.56,12.3,1
3501,6.6,0.295,0.24,1.6,0.039,29,140,0.99304,3.35,0.61,10.4,1
3502,7,0.32,0.27,7.1,0.027,37,122,0.99165,3.15,0.6,12.6,1
3503,7.1,0.27,0.24,12.6,0.044,48,118,0.99726,3.04,0.56,10,1
3504,6.3,0.2,0.26,4.7,0.04,108,168,0.99278,3.07,0.75,10.7,1
3505,7.1,0.27,0.24,12.6,0.044,48,118,0.99726,3.04,0.56,10,1
3506,6.6,0.36,0.28,6.1,0.029,12,93,0.99054,3.19,0.27,12.8,1
3507,7.6,0.31,0.27,8.8,0.021,57,156,0.99442,3.08,0.38,11,1
3508,6.5,0.26,0.39,1.4,0.02,12,66,0.99089,3.25,0.75,11.3,1
3509,8.7,0.3,0.34,4.8,0.018,23,127,0.99474,3.12,0.49,11.2,1
3510,6.4,0.29,0.32,2.4,0.014,34,89,0.99008,3.24,0.66,12.5,1
3511,6.4,0.24,0.23,2,0.046,30,133,0.9908,3.12,0.54,11.4,1
3512,7.2,0.33,0.22,4.5,0.031,10,73,0.99076,2.97,0.52,12.2,1
3513,6.4,0.29,0.24,3.2,0.037,31,95,0.98942,2.9,0.66,12.6,1
3514,6.8,0.52,0.26,5.7,0.038,27,130,0.99,3.11,0.27,13,1
3515,7.1,0.28,0.28,8.5,0.03,25,191,0.99338,3.16,0.46,12.2,1
3516,5.7,0.15,0.47,11.4,0.035,49,128,0.99456,3.03,0.34,10.5,1
3517,5.8,0.275,0.3,5.4,0.043,41,149,0.9926,3.33,0.42,10.8,1
3518,5.4,0.53,0.16,2.7,0.036,34,128,0.98856,3.2,0.53,13.2,1
3519,5.8,0.32,0.28,4.3,0.032,46,115,0.98946,3.16,0.57,13,1
3520,5,0.29,0.54,5.7,0.035,54,155,0.98976,3.27,0.34,12.9,1
3521,5.4,0.53,0.16,2.7,0.036,34,128,0.98856,3.2,0.53,13.2,1
3522,6.8,0.21,0.26,11.7,0.038,61,152,0.99523,3.02,0.56,10.5,1
3523,5.8,0.32,0.28,4.3,0.032,46,115,0.98946,3.16,0.57,13,1
3524,5.9,0.37,0.32,1.6,0.029,41,102,0.98916,3.41,0.55,12.7,1
3525,6.8,0.3,0.29,6.2,0.025,29,95,0.99071,3.03,0.32,12.9,1
3526,7.3,0.41,0.29,1.8,0.032,26,74,0.98889,2.96,0.35,13,1
3527,5.4,0.3,0.3,1.2,0.029,25,93,0.98742,3.31,0.4,13.6,1
3528,5.3,0.3,0.3,1.2,0.029,25,93,0.98742,3.31,0.4,13.6,1
3529,7.1,0.2,0.27,9.6,0.037,19,105,0.99444,3.04,0.37,10.5,1
3530,7,0.22,0.26,9.2,0.027,37,122,0.99228,3.06,0.34,12.5,1
3531,6.4,0.16,0.44,1.2,0.051,39,122,0.99058,3.11,0.75,11.3,1
3532,6.8,0.31,0.3,8,0.028,33,122,0.99164,3.13,0.63,12.6,1
3533,7,0.22,0.26,9.2,0.027,37,122,0.99228,3.06,0.34,12.5,1
3534,5.6,0.21,0.24,4.4,0.027,37,150,0.991,3.3,0.31,11.5,1
3535,7.1,0.2,0.27,9.6,0.037,19,105,0.99444,3.04,0.37,10.5,1
3536,6.8,0.31,0.3,8,0.028,33,122,0.99164,3.13,0.63,12.6,1
3537,6.4,0.16,0.44,1.2,0.051,39,122,0.99058,3.11,0.75,11.3,1
3538,6.3,0.34,0.27,2.5,0.024,40,152,0.99095,3.35,0.6,11.9,1
3539,5.7,0.265,0.28,6.9,0.036,46,150,0.99299,3.36,0.44,10.8,1
3540,4.8,0.17,0.28,2.9,0.03,22,111,0.9902,3.38,0.34,11.3,1
3541,5.7,0.265,0.28,6.9,0.036,46,150,0.99299,3.36,0.44,10.8,1
3542,6.2,0.2,0.33,5.4,0.028,21,75,0.99012,3.36,0.41,13.5,1
3543,7,0.15,0.28,14.7,0.051,29,149,0.99792,2.96,0.39,9,1
3544,7,0.15,0.28,14.7,0.051,29,149,0.99792,2.96,0.39,9,1
3545,7,0.15,0.28,14.7,0.051,29,149,0.99792,2.96,0.39,9,1
3546,7,0.15,0.28,14.7,0.051,29,149,0.99792,2.96,0.39,9,1
3547,7,0.15,0.28,14.7,0.051,29,149,0.99792,2.96,0.39,9,1
3548,7,0.15,0.28,14.7,0.051,29,149,0.99792,2.96,0.39,9,1
3549,7,0.15,0.28,14.7,0.051,29,149,0.99792,2.96,0.39,9,1
3550,7,0.15,0.28,14.7,0.051,29,149,0.99792,2.96,0.39,9,1
3551,5.4,0.46,0.15,2.1,0.026,29,130,0.98953,3.39,0.77,13.4,1
3552,6.1,0.17,0.28,2.5,0.028,22,98,0.99072,3.16,0.37,11.1,1
3553,5.4,0.46,0.15,2.1,0.026,29,130,0.98953,3.39,0.77,13.4,1
3554,6.3,0.15,0.3,1.4,0.022,38,100,0.99099,3.42,0.57,11.4,1
3555,6.5,0.32,0.45,7.7,0.022,31,97,0.99134,3.2,0.7,12.7,1
3556,5.6,0.19,0.31,2.7,0.027,11,100,0.98964,3.46,0.4,13.2,1
3557,6.3,0.43,0.32,8.8,0.042,18,106,0.99172,3.28,0.33,12.9,1
3558,7.3,0.24,0.3,2.5,0.042,31,104,0.9911,3.05,0.56,11.3,1
3559,7.1,0.44,0.23,5.8,0.035,24,100,0.99062,3.15,0.57,13.2,1
3560,4.8,0.26,0.23,10.6,0.034,23,111,0.99274,3.46,0.28,11.5,1
3561,7.5,0.34,0.28,4,0.028,46,100,0.98958,3.2,0.5,13.2,1
3562,5.9,0.17,0.29,3.1,0.03,32,123,0.98913,3.41,0.33,13.7,1
3563,6.6,0.32,0.26,4.6,0.031,26,120,0.99198,3.4,0.73,12.5,1
3564,6.6,0.39,0.22,4,0.038,17,98,0.99018,3.25,0.53,13,1
3565,7.4,0.22,0.27,1.6,0.057,45,98,0.99299,3.29,0.44,9.9,1
3566,8.5,0.23,0.34,1.3,0.035,54,110,0.99176,3.07,0.55,11,1
3567,5,0.455,0.18,1.9,0.036,33,106,0.98746,3.21,0.83,14,1
3568,6.5,0.33,0.3,3.8,0.036,34,88,0.99028,3.25,0.63,12.5,1
3569,6.5,0.33,0.3,3.8,0.036,34,88,0.99028,3.25,0.63,12.5,1
3570,6.7,0.31,0.3,2.4,0.038,30,83,0.98867,3.09,0.36,12.8,1
3571,6.2,0.39,0.24,4.8,0.037,45,138,0.99174,3.23,0.43,11.2,1
3572,6.2,0.39,0.24,4.8,0.037,45,138,0.99174,3.23,0.43,11.2,1
3573,6.5,0.33,0.3,3.8,0.036,34,88,0.99028,3.25,0.63,12.5,1
3574,6.2,0.39,0.24,4.8,0.037,45,138,0.99174,3.23,0.43,11.2,1
3575,4.7,0.455,0.18,1.9,0.036,33,106,0.98746,3.21,0.83,14,1
3576,6.4,0.35,0.28,1.6,0.037,31,113,0.98779,3.12,0.4,14.2,1
3577,6.7,0.31,0.3,2.4,0.038,30,83,0.98867,3.09,0.36,12.8,1
3578,6.9,0.22,0.28,7.8,0.05,43,116,0.99326,3.22,0.6,11.5,1
3579,6.1,0.3,0.32,2.2,0.042,41,142,0.98952,3.31,0.44,12.7,1
3580,8.4,0.22,0.3,1.3,0.038,45,122,0.99178,3.13,0.54,10.8,1
3581,7.2,0.58,0.27,5.8,0.032,40,118,0.99088,3.17,0.53,13,1
3582,6,0.34,0.32,3.8,0.044,13,116,0.99108,3.39,0.44,11.8,1
3583,6.7,0.18,0.31,10.6,0.035,42,143,0.99572,3.08,0.49,9.8,1
3584,6.1,0.24,0.26,1.7,0.033,61,134,0.9903,3.19,0.81,11.9,1
3585,7,0.32,0.29,7.6,0.025,35,124,0.99162,3.15,0.65,12.8,1
3586,6.5,0.29,0.53,1.7,0.04,41,192,0.9922,3.26,0.59,10.4,1
3587,6.3,0.22,0.27,4.5,0.036,81,157,0.9928,3.05,0.76,10.7,1
3588,6.1,0.24,0.26,1.7,0.033,61,134,0.9903,3.19,0.81,11.9,1
3589,7,0.32,0.29,7.6,0.025,35,124,0.99162,3.15,0.65,12.8,1
3590,6.7,0.19,0.32,3.7,0.041,26,76,0.99173,2.9,0.57,10.5,1
3591,6.7,0.28,0.34,8.9,0.048,32,111,0.99455,3.25,0.54,11,1
3592,6.7,0.28,0.34,8.9,0.048,32,111,0.99455,3.25,0.54,11,1
3593,6.7,0.28,0.34,8.9,0.048,32,111,0.99455,3.25,0.54,11,1
3594,6,0.26,0.29,3.1,0.041,37,144,0.98944,3.22,0.39,12.8,1
3595,6.5,0.38,0.26,5.2,0.042,33,112,0.99067,3.06,0.5,12.3,1
3596,6,0.26,0.29,3.1,0.041,37,144,0.98944,3.22,0.39,12.8,1
3597,7.4,0.16,0.27,15.5,0.05,25,135,0.9984,2.9,0.43,8.7,1
3598,7.4,0.16,0.27,15.5,0.05,25,135,0.9984,2.9,0.43,8.7,1
3599,7.4,0.16,0.27,15.5,0.05,25,135,0.9984,2.9,0.43,8.7,1
3600,7.4,0.16,0.27,15.5,0.05,25,135,0.9984,2.9,0.43,8.7,1
3601,7.2,0.17,0.28,17.55,0.05,33,154,0.99971,2.94,0.43,9,1
3602,7.4,0.16,0.27,15.5,0.05,25,135,0.9984,2.9,0.43,8.7,1
3603,7.4,0.16,0.27,15.5,0.05,25,135,0.9984,2.9,0.43,8.7,1
3604,7.2,0.17,0.28,17.55,0.05,33,154,0.99971,2.94,0.43,9,1
3605,6.6,0.5,0.26,11.3,0.029,32,110,0.99302,3.27,0.78,12.9,1
3606,7.5,0.16,0.38,12.7,0.043,70.5,163,0.99706,3.15,0.82,10.4,1
3607,6.5,0.33,0.24,14.5,0.048,20,96,0.99456,3.06,0.3,11.5,1
3608,6.4,0.25,0.28,4.9,0.03,29,98,0.99024,3.09,0.58,12.8,1
3609,5.7,0.31,0.28,4.1,0.03,22,86,0.99062,3.31,0.38,11.7,1
3610,6.9,0.45,0.27,4.7,0.035,17,80,0.99058,3.12,0.36,12.5,1
3611,6.9,0.3,0.45,1.4,0.039,36,122,0.99059,3.07,0.47,11.1,1
3612,6.5,0.43,0.31,3.6,0.046,19,143,0.99022,3.15,0.34,12,1
3613,6.5,0.4,0.31,3.5,0.046,22,147,0.99024,3.15,0.31,12,1
3614,6,0.13,0.36,1.6,0.052,23,72,0.98974,3.1,0.5,11.5,1
3615,6.3,0.34,0.31,6,0.02,18,68,0.98981,3.22,0.29,13.4,1
3616,6.8,0.18,0.35,5.4,0.054,53,143,0.99287,3.1,0.54,11,1
3617,7.1,0.13,0.29,15.5,0.064,56,115.5,0.99737,3.16,0.41,9.7,1
3618,6.8,0.18,0.35,5.4,0.054,53,143,0.99287,3.1,0.54,11,1
3619,5.8,0.24,0.28,1.4,0.038,40,76,0.98711,3.1,0.29,13.9,1
3620,7.4,0.16,0.3,13.7,0.056,33,168,0.99825,2.9,0.44,8.7,1
3621,7.4,0.16,0.3,13.7,0.056,33,168,0.99825,2.9,0.44,8.7,1
3622,7.4,0.16,0.3,13.7,0.056,33,168,0.99825,2.9,0.44,8.7,1
3623,7.4,0.16,0.3,13.7,0.056,33,168,0.99825,2.9,0.44,8.7,1
3624,7.4,0.16,0.3,13.7,0.056,33,168,0.99825,2.9,0.44,8.7,1
3625,7.4,0.16,0.3,13.7,0.056,33,168,0.99825,2.9,0.44,8.7,1
3626,6.6,0.22,0.35,1.4,0.05,23,83,0.99019,3.17,0.48,12,1
3627,5.8,0.23,0.31,3.5,0.044,35,158,0.98998,3.19,0.37,12.1,1
3628,6.3,0.17,0.32,1,0.04,39,118,0.98886,3.31,0.4,13.1,1
3629,6.7,0.21,0.34,1.5,0.035,45,123,0.98949,3.24,0.36,12.6,1
3630,7.4,0.16,0.3,13.7,0.056,33,168,0.99825,2.9,0.44,8.7,1
3631,6.9,0.35,0.39,2.4,0.048,25,157,0.99133,3.2,0.54,11.1,1
3632,5.8,0.19,0.33,4.2,0.038,49,133,0.99107,3.16,0.42,11.3,1
3633,6.2,0.3,0.3,2.5,0.041,29,82,0.99065,3.31,0.61,11.8,1
3634,6.4,0.33,0.28,4,0.04,24,81,0.9903,3.26,0.64,12.6,1
3635,7.1,0.45,0.24,2.7,0.04,24,87,0.98862,2.94,0.38,13.4,1
3636,6.1,0.25,0.3,1.2,0.036,42,107,0.991,3.34,0.56,10.8,1
3637,5.4,0.22,0.35,6.5,0.029,26,87,0.99092,3.29,0.44,12.5,1
3638,5.6,0.255,0.57,10.7,0.056,66,171,0.99464,3.25,0.61,10.4,1
3639,5.2,0.2,0.27,3.2,0.047,16,93,0.99235,3.44,0.53,10.1,1
3640,5.7,0.28,0.36,1.8,0.041,38,90,0.99002,3.27,0.98,11.9,1
3641,5.9,0.22,0.29,4.2,0.037,69,144,0.99214,3.13,0.74,10.8,1
3642,6,0.31,0.27,2.3,0.042,19,120,0.98952,3.32,0.41,12.7,1
3643,6,0.31,0.27,2.3,0.042,19,120,0.98952,3.32,0.41,12.7,1
3644,6,0.29,0.27,2.3,0.044,20,117,0.9895,3.31,0.41,12.7,1
3645,5.2,0.31,0.2,2.4,0.027,27,117,0.98886,3.56,0.45,13,1
3646,6.5,0.22,0.27,1.6,0.039,36,116,0.99178,3.38,0.57,11,1
3647,6.3,0.41,0.22,7.3,0.035,23,117,0.99172,3.2,0.39,11.94,1
3648,6.7,0.41,0.24,5.4,0.035,33,115,0.9901,3.12,0.44,12.89333333,1
3649,6.7,0.34,0.26,1.9,0.038,58,138,0.9893,3,0.47,12.2,1
3650,6.3,0.41,0.22,7.3,0.035,23,117,0.99172,3.2,0.39,11.94,1
3651,6.7,0.41,0.24,5.4,0.035,33,115,0.9901,3.12,0.44,12.89333333,1
3652,7.4,0.16,0.33,1.2,0.042,47,121,0.99198,3.04,0.68,10.5,1
3653,7.3,0.19,0.27,13.9,0.057,45,155,0.99807,2.94,0.41,8.8,1
3654,7.3,0.19,0.27,13.9,0.057,45,155,0.99807,2.94,0.41,8.8,1
3655,7.3,0.19,0.27,13.9,0.057,45,155,0.99807,2.94,0.41,8.8,1
3656,7.3,0.19,0.27,13.9,0.057,45,155,0.99807,2.94,0.41,8.8,1
3657,7.3,0.19,0.27,13.9,0.057,45,155,0.99807,2.94,0.41,8.8,1
3658,7.3,0.19,0.27,13.9,0.057,45,155,0.99807,2.94,0.41,8.8,1
3659,7.3,0.19,0.27,13.9,0.057,45,155,0.99807,2.94,0.41,8.8,1
3660,6.8,0.24,0.29,2,0.044,15,96,0.99232,3.23,0.64,10.4,1
3661,7.3,0.19,0.27,13.9,0.057,45,155,0.99807,2.94,0.41,8.8,1
3662,7.1,0.23,0.3,2.6,0.034,62,148,0.99121,3.03,0.56,11.3,1
3663,6.3,0.29,0.29,3.3,0.037,32,140,0.9895,3.17,0.36,12.8,1
3664,6.3,0.29,0.29,3.3,0.037,32,140,0.9895,3.17,0.36,12.8,1
3665,5.8,0.3,0.38,4.9,0.039,22,86,0.98963,3.23,0.58,13.1,1
3666,7.1,0.27,0.27,10.4,0.041,26,114,0.99335,3.04,0.52,11.5,1
3667,5.8,0.3,0.38,4.9,0.039,22,86,0.98963,3.23,0.58,13.1,1
3668,7.1,0.27,0.27,10.4,0.041,26,114,0.99335,3.04,0.52,11.5,1
3669,6.6,0.35,0.26,2.7,0.045,19,129,0.98952,3.24,0.48,13,1
3670,5.8,0.61,0.01,8.4,0.041,31,104,0.9909,3.26,0.72,14.05,1
3671,6.9,0.22,0.32,9.3,0.04,22,110,0.9958,3.34,0.54,10.7,1
3672,5.6,0.18,0.3,10.2,0.028,28,131,0.9954,3.49,0.42,10.8,1
3673,5.6,0.26,0.27,10.6,0.03,27,119,0.9947,3.4,0.34,10.7,1
3674,7,0.23,0.35,1.4,0.036,31,113,0.9912,3.16,0.48,10.8,1
3675,5.7,0.22,0.28,1.3,0.027,26,101,0.98948,3.35,0.38,12.5,1
3676,5.6,0.22,0.32,1.2,0.024,29,97,0.98823,3.2,0.46,13.05,1
3677,6.2,0.2,0.26,9.7,0.03,39,102,0.9908,3.08,0.56,12.9,1
3678,6.1,0.35,0.24,2.3,0.034,25,133,0.9906,3.34,0.59,12,1
3679,4.8,0.13,0.32,1.2,0.042,40,98,0.9898,3.42,0.64,11.8,1
3680,6.5,0.16,0.33,1,0.027,23,75,0.9908,3.3,0.39,11.4,1
3681,6.2,0.36,0.27,3.2,0.032,13,73,0.98942,2.9,0.69,12.6,1
3682,6.1,0.44,0.28,4.25,0.032,43,132,0.9916,3.26,0.47,11.26666667,1
3683,5.2,0.5,0.18,2,0.036,23,129,0.98949,3.36,0.77,13.4,1
3684,6.1,0.44,0.28,4.25,0.032,43,132,0.9916,3.26,0.47,11.3,1
3685,7.5,0.305,0.38,1.4,0.047,30,95,0.99158,3.22,0.52,11.5,1
3686,6.5,0.5,0.22,4.1,0.036,35,131,0.9902,3.26,0.55,13,1
3687,5.6,0.24,0.34,2,0.041,14,73,0.98981,3.04,0.45,11.6,1
3688,5.7,0.25,0.32,12.2,0.041,43,127,0.99524,3.23,0.53,10.4,1
3689,6.6,0.21,0.39,2.3,0.041,31,102,0.99221,3.22,0.58,10.9,1
3690,5.7,0.24,0.3,1.3,0.03,25,98,0.98968,3.37,0.43,12.4,1
3691,5,0.24,0.34,1.1,0.034,49,158,0.98774,3.32,0.32,13.1,1
3692,5.9,0.18,0.28,1,0.037,24,88,0.99094,3.29,0.55,10.65,1
3693,5.8,0.26,0.29,1,0.042,35,101,0.99044,3.36,0.48,11.4,1
3694,5.7,0.39,0.25,4.9,0.033,49,113,0.98966,3.26,0.58,13.1,1
3695,6.3,0.36,0.28,2.5,0.035,18,73,0.98868,3.1,0.47,12.8,1
3696,6,0.29,0.41,10.8,0.048,55,149,0.9937,3.09,0.59,10.96666667,1
3697,6,0.29,0.41,10.8,0.048,55,149,0.9937,3.09,0.59,10.96666667,1
3698,6,0.29,0.41,10.8,0.048,55,149,0.9937,3.09,0.59,10.96666667,1
3699,6,0.29,0.41,10.8,0.048,55,149,0.9937,3.09,0.59,11,1
3700,6,0.17,0.33,6,0.036,30,111,0.99362,3.32,0.58,10.13333333,1
3701,6.1,0.16,0.34,6.1,0.034,31,114,0.99365,3.32,0.58,10.13333333,1
3702,6.1,0.16,0.34,6.1,0.034,31,114,0.99365,3.32,0.58,10.15,1
3703,6,0.17,0.33,6,0.036,30,111,0.99362,3.32,0.58,10.15,1
3704,6,0.28,0.52,6.2,0.028,37,104,0.99161,3.28,0.51,11.8,1
3705,5.8,0.35,0.29,3.2,0.034,41,151,0.9912,3.35,0.58,11.63333333,1
3706,6,0.28,0.52,6.2,0.028,37,104,0.99161,3.28,0.51,11.8,1
3707,6.9,0.19,0.31,19.25,0.043,38,167,0.99954,2.93,0.52,9.1,1
3708,6.9,0.19,0.31,19.25,0.043,38,167,0.99954,2.93,0.52,9.1,1
3709,6.7,0.35,0.32,9,0.032,29,113,0.99188,3.13,0.65,12.9,1
3710,6.7,0.35,0.32,9,0.032,29,113,0.99188,3.13,0.65,12.9,1
3711,5.9,0.12,0.28,1.4,0.037,36,83,0.99074,3.33,0.42,10.9,1
3712,6.1,0.22,0.4,1.85,0.031,25,111,0.98966,3.03,0.3,11.8,1
3713,5.4,0.33,0.31,4,0.03,27,108,0.99031,3.3,0.43,12.2,1
3714,6.1,0.22,0.4,1.85,0.031,25,111,0.98966,3.03,0.3,11.8,1
3715,6.1,0.24,0.32,9,0.031,41,134,0.99234,3.25,0.26,12.3,1
3716,5.1,0.25,0.36,1.3,0.035,40,78,0.9891,3.23,0.64,12.1,1
3717,6,0.38,0.26,3.5,0.035,38,111,0.98872,3.18,0.47,13.6,1
3718,6,0.38,0.26,3.5,0.035,38,111,0.98872,3.18,0.47,13.6,1
3719,5.9,0.48,0.3,1.5,0.037,19,78,0.99057,3.47,0.42,11.9,1
3720,5.3,0.4,0.25,3.9,0.031,45,130,0.99072,3.31,0.58,11.75,1
3721,5.2,0.3,0.34,1.5,0.038,18,96,0.98942,3.56,0.48,13,1
3722,6.4,0.32,0.25,5,0.055,28,138,0.99171,3.27,0.5,12.4,1
3723,6.6,0.19,0.25,1.2,0.052,34,181,0.99352,3.3,0.42,9.4,1
3724,5.2,0.21,0.31,1.7,0.048,17,61,0.98953,3.24,0.37,12,1
3725,6.9,0.25,0.29,2.4,0.038,28,76,0.99088,3.01,0.36,11.7,1
3726,4.4,0.32,0.39,4.3,0.03,31,127,0.98904,3.46,0.36,12.8,1
3727,3.9,0.225,0.4,4.2,0.03,29,118,0.989,3.57,0.36,12.8,1
3728,6.4,0.105,0.29,1.1,0.035,44,140,0.99142,3.17,0.55,10.7,1
3729,6.4,0.105,0.29,1.1,0.035,44,140,0.99142,3.17,0.55,10.7,1
3730,6,0.2,0.33,1.1,0.039,45,126,0.99051,3.31,0.45,11.6,1
3731,6.4,0.105,0.29,1.1,0.035,44,140,0.99142,3.17,0.55,10.7,1
3732,5.8,0.28,0.34,2.2,0.037,24,125,0.98986,3.36,0.33,12.8,1
3733,6.4,0.31,0.5,5.8,0.038,42,111,0.99189,3.18,0.53,11.9,1
3734,5.1,0.26,0.33,1.1,0.027,46,113,0.98946,3.35,0.43,11.4,1
3735,6.2,0.76,0.01,3.2,0.041,18,120,0.99026,3.2,0.94,13.7,1
3736,6.5,0.28,0.34,4.6,0.054,22,130,0.99193,3.2,0.46,12,1
3737,6,0.32,0.33,9.9,0.032,22,90,0.99258,3.1,0.43,12.1,1
3738,5.9,0.37,0.3,1.5,0.033,35,95,0.98986,3.36,0.56,12,1
3739,6.8,0.34,0.36,8.9,0.029,44,128,0.99318,3.28,0.35,11.95,1
3740,4.4,0.54,0.09,5.1,0.038,52,97,0.99022,3.41,0.4,12.2,1
3741,6.2,0.36,0.32,4,0.036,44,92,0.98936,3.2,0.5,13.3,1
3742,6.1,0.32,0.28,6.6,0.021,29,132,0.99188,3.15,0.36,11.45,1
3743,6.2,0.38,0.42,2.5,0.038,34,117,0.99132,3.36,0.59,11.6,1
3744,6.2,0.21,0.28,5.7,0.028,45,121,0.99168,3.21,1.08,12.15,1
3745,6.2,0.41,0.22,1.9,0.023,5,56,0.98928,3.04,0.79,13,1
3746,5.5,0.29,0.3,1.1,0.022,20,110,0.98869,3.34,0.38,12.8,1
3747,6.7,0.3,0.44,18.75,0.057,65,224,0.99956,3.11,0.53,9.1,0
3748,7.3,0.34,0.3,9.4,0.057,34,178,0.99554,3.15,0.44,10.4,0
3749,6,0.17,0.29,9.7,0.044,33,98,0.99536,3.12,0.36,9.2,0
3750,8,0.24,0.48,6.8,0.047,13,134,0.99616,3.23,0.7,10,0
3751,5.6,0.34,0.3,6.9,0.038,23,89,0.99266,3.25,0.49,11.1,0
3752,5.8,0.54,0,1.4,0.033,40,107,0.98918,3.26,0.35,12.4,0
3753,7.3,0.23,0.24,0.9,0.031,29,86,0.98926,2.9,0.38,12.2,0
3754,6,0.39,0.13,1.2,0.042,60,172,0.99114,3.06,0.52,10.6,0
3755,7.6,0.22,0.28,12,0.056,68,143,0.9983,2.99,0.3,9.2,0
3756,6.8,0.19,0.4,9.85,0.055,41,103,0.99532,2.98,0.56,10.5,0
3757,6.8,0.17,0.34,2,0.04,38,111,0.99,3.24,0.45,12.9,0
3758,6.9,0.29,0.41,7.8,0.046,52,171,0.99537,3.12,0.51,9.6,0
3759,6.8,0.19,0.34,1.9,0.04,41,108,0.99,3.25,0.45,12.9,0
3760,6.8,0.17,0.34,2,0.04,38,111,0.99,3.24,0.45,12.9,0
3761,6.6,0.24,0.27,10.3,0.047,54,219,0.99742,3.04,0.45,8.8,0
3762,7.6,0.22,0.28,12,0.056,68,143,0.9983,2.99,0.3,9.2,0
3763,6.8,0.19,0.4,9.85,0.055,41,103,0.99532,2.98,0.56,10.5,0
3764,6.7,0.16,0.36,2,0.045,24,131,0.99284,3.3,0.59,10.5,0
3765,6.5,0.22,0.19,1.1,0.064,36,191,0.99297,3.05,0.5,9.5,0
3766,6.2,0.36,0.45,10.4,0.06,22,184,0.99711,3.31,0.56,9.8,0
3767,6.2,0.36,0.45,10.4,0.06,22,184,0.99711,3.31,0.56,9.8,0
3768,5.8,0.22,0.3,1.1,0.047,36,131,0.992,3.26,0.45,10.4,0
3769,6.9,0.28,0.33,1.2,0.039,16,98,0.9904,3.07,0.39,11.7,0
3770,6.5,0.22,0.19,1.1,0.064,36,191,0.99297,3.05,0.5,9.5,0
3771,7.8,0.2,0.2,1.4,0.036,25,83,0.99088,3.03,0.46,11.7,0
3772,8,0.2,0.44,1,0.057,24,111,0.99158,3.09,0.32,11.2,0
3773,6.7,0.24,0.36,8.4,0.042,42,123,0.99473,3.34,0.52,10.9,0
3774,7.7,0.43,1,19.95,0.032,42,164,0.99742,3.29,0.5,12,0
3775,6.4,0.3,0.36,2,0.052,18,141,0.99273,3.38,0.53,10.5,0
3776,6.7,0.24,0.36,8.4,0.042,42,123,0.99473,3.34,0.52,10.9,0
3777,6.7,0.29,0.45,14.3,0.054,30,181,0.99869,3.14,0.57,9.1,0
3778,7.5,0.33,0.28,4.9,0.042,21,155,0.99385,3.36,0.57,10.9,0
3779,6.7,0.29,0.45,14.3,0.054,30,181,0.99869,3.14,0.57,9.1,0
3780,6.4,0.26,0.25,10.7,0.046,66,179,0.99606,3.17,0.55,9.9,0
3781,7,0.22,0.24,11,0.041,75,167,0.99508,2.98,0.56,10.5,0
3782,6.3,0.21,0.31,1.2,0.043,30,117,0.99158,3.49,0.68,11,0
3783,7.9,0.35,0.28,12.9,0.032,13,63,0.9932,2.99,0.43,13,0
3784,7.7,0.38,0.23,10.8,0.03,28,95,0.99164,2.93,0.41,13.6,0
3785,7.5,0.2,0.41,1.2,0.05,26,131,0.99133,3.19,0.52,11.1,0
3786,6,0.23,0.15,9.7,0.048,101,207,0.99571,3.05,0.3,9.1,0
3787,6.6,0.32,0.41,7.2,0.048,55,178,0.99537,3.2,0.46,9.4,0
3788,6,0.23,0.15,9.7,0.048,101,207,0.99571,3.05,0.3,9.1,0
3789,5.3,0.36,0.27,6.3,0.028,40,132,0.99186,3.37,0.4,11.6,0
3790,5.3,0.36,0.27,6.3,0.028,40,132,0.99186,3.37,0.4,11.6,0
3791,8.9,0.27,0.28,0.8,0.024,29,128,0.98984,3.01,0.35,12.4,0
3792,7.6,0.23,0.29,8.6,0.053,65,146,0.9963,3.11,0.32,9.8,0
3793,6.9,0.75,0.13,6.3,0.036,19,50,0.99312,3.09,0.25,11.1,0
3794,7.2,0.31,0.35,7.2,0.046,45,178,0.9955,3.14,0.53,9.7,0
3795,6.4,0.28,0.44,7.1,0.048,49,179,0.99528,3.15,0.48,9.2,0
3796,7.2,0.23,0.46,6.4,0.036,17,85,0.99279,3.1,0.78,11.7,0
3797,6.6,0.22,0.3,14.7,0.045,50,136,0.99704,3.14,0.37,10.6,0
3798,7.2,0.31,0.35,7.2,0.046,45,178,0.9955,3.14,0.53,9.7,0
3799,6.4,0.28,0.44,7.1,0.048,49,179,0.99528,3.15,0.48,9.2,0
3800,7.2,0.24,0.28,1.9,0.032,30,92,0.9914,3.1,0.39,10.9,0
3801,6.2,0.27,0.47,1.2,0.146,28,105,0.99224,3.23,0.51,10.1,0
3802,7.2,0.27,0.31,1.2,0.031,27,80,0.98892,3.03,0.33,12.7,0
3803,7.8,0.28,0.25,3.4,0.024,27,99,0.98959,2.98,0.37,13,0
3804,8.1,0.26,0.27,4.3,0.03,43,123,0.99212,3.16,0.33,11.2,0
3805,6.6,0.23,0.37,8.5,0.036,46,153,0.99576,3.2,0.48,9.4,0
3806,6,0.33,0.2,1.8,0.031,49,159,0.9919,3.41,0.53,11,0
3807,6,0.33,0.2,1.8,0.031,49,159,0.9919,3.41,0.53,11,0
3808,7.3,0.2,0.29,19.5,0.039,69,237,1.00037,3.1,0.48,9.2,0
3809,6.6,0.23,0.37,8.5,0.036,46,153,0.99576,3.2,0.48,9.4,0
3810,7.3,0.2,0.29,19.9,0.039,69,237,1.00037,3.1,0.48,9.2,0
3811,6.2,0.47,0.19,8.3,0.029,24,142,0.992,3.22,0.45,12.3,0
3812,6,0.33,0.2,1.8,0.031,49,159,0.9919,3.41,0.53,11,0
3813,7.2,0.14,0.32,1.1,0.022,48,116,0.99218,3.04,0.67,10,0
3814,5.7,0.22,0.22,16.65,0.044,39,110,0.99855,3.24,0.48,9,0
3815,5.7,0.22,0.22,16.65,0.044,39,110,0.99855,3.24,0.48,9,0
3816,5.7,0.22,0.22,16.65,0.044,39,110,0.99855,3.24,0.48,9,0
3817,8.1,0.2,0.28,0.9,0.023,49,87,0.99062,2.92,0.36,11.1,0
3818,5.8,0.14,0.15,6.1,0.042,27,123,0.99362,3.06,0.6,9.9,0
3819,8.1,0.2,0.28,0.9,0.023,49,87,0.99062,2.92,0.36,11.1,0
3820,5.7,0.22,0.22,16.65,0.044,39,110,0.99855,3.24,0.48,9,0
3821,7.5,0.34,0.24,3.85,0.031,5,34,0.99098,3.01,0.36,11.8,0
3822,6.6,0.64,0.28,4.4,0.032,19,78,0.99036,3.11,0.62,12.9,0
3823,7,0.48,0.12,4.5,0.05,23,86,0.99398,2.86,0.35,9,0
3824,7.6,0.37,0.34,3.2,0.028,42,162,0.9903,3.01,0.33,12.4,0
3825,7,0.48,0.12,4.5,0.05,23,86,0.99398,2.86,0.35,9,0
3826,6.6,0.64,0.28,4.4,0.032,19,78,0.99036,3.11,0.62,12.9,0
3827,8,0.25,0.27,9.7,0.036,15,85,0.99406,2.99,0.36,11.2,0
3828,7.6,0.38,0.28,4.2,0.029,7,112,0.9906,3,0.41,12.6,0
3829,6.9,0.26,0.27,4.2,0.031,20,80,0.99089,3.12,0.39,11.5,0
3830,8,0.25,0.27,9.7,0.036,15,85,0.99406,2.99,0.36,11.2,0
3831,6.9,0.26,0.27,4.2,0.031,20,80,0.99089,3.12,0.39,11.5,0
3832,5.9,0.655,0,5.6,0.033,8,31,0.9936,3.32,0.51,10.5,0
3833,7.6,0.38,0.28,4.2,0.029,7,112,0.9906,3,0.41,12.6,0
3834,7.8,0.31,0.4,1.6,0.027,20,87,0.9911,3.15,0.48,11.9,0
3835,8.1,0.17,0.21,1.6,0.036,24,119,0.99396,3.18,0.52,10.1,0
3836,7.4,0.28,0.36,14.6,0.048,35,161,0.9968,3.14,0.56,10.6,0
3837,6.7,0.22,0.22,1.2,0.038,5,124,0.99098,3.1,0.37,11.2,0
3838,7.5,0.3,0.21,6.55,0.026,33,143,0.99244,2.92,0.35,11.1,0
3839,6.3,0.32,0.32,1.5,0.037,12,76,0.98993,3.3,0.46,12.3,0
3840,7.7,0.24,0.3,1.4,0.041,15,102,0.9929,3.26,0.53,10.4,0
3841,6.8,0.19,0.71,17.5,0.042,21,114,0.99784,2.85,0.5,9.5,0
3842,6.8,0.19,0.71,17.5,0.042,21,114,0.99784,2.85,0.5,9.5,0
3843,6.8,0.19,0.71,17.5,0.042,21,114,0.99784,2.85,0.5,9.5,0
3844,6.4,0.28,0.36,1.3,0.053,28,186,0.99211,3.31,0.45,10.8,0
3845,6.6,0.19,0.28,11.8,0.042,54,137,0.99492,3.18,0.37,10.8,0
3846,6.6,0.39,0.38,9.7,0.053,49,226,0.99787,3.3,0.57,9.4,0
3847,6.8,0.12,0.3,12.9,0.049,32,88,0.99654,3.2,0.35,9.9,0
3848,6.6,0.26,0.24,7.2,0.038,28,137,0.9952,3.35,0.6,10.4,0
3849,7.4,0.36,0.23,1.9,0.017,31,69,0.9892,2.93,0.36,12.5,0
3850,6.7,0.35,0.48,8.8,0.056,35,167,0.99628,3.04,0.47,9.4,0
3851,6.4,0.38,0.24,7.2,0.047,41,151,0.99604,3.11,0.6,9.2,0
3852,6.8,0.14,0.18,1.4,0.047,30,90,0.99164,3.27,0.54,11.2,0
3853,7,0.16,0.25,14.3,0.044,27,149,0.998,2.91,0.46,9.2,0
3854,7,0.16,0.25,14.3,0.044,27,149,0.998,2.91,0.46,9.2,0
3855,6.7,0.35,0.48,8.8,0.056,35,167,0.99628,3.04,0.47,9.4,0
3856,6.8,0.14,0.18,1.4,0.047,30,90,0.99164,3.27,0.54,11.2,0
3857,6.8,0.16,0.18,1.8,0.046,31,114,0.99226,3.27,0.55,10.8,0
3858,7,0.16,0.25,14.3,0.044,27,149,0.998,2.91,0.46,9.2,0
3859,6.4,0.38,0.24,7.2,0.047,41,151,0.99604,3.11,0.6,9.2,0
3860,7.2,0.24,0.3,1.2,0.037,11,95,0.98914,2.96,0.36,12.5,0
3861,7.7,0.32,0.61,11.8,0.041,66,188,0.99794,3,0.54,9.3,0
3862,7,0.29,0.33,0.9,0.041,20,117,0.99048,3.21,0.5,11.4,0
3863,6.8,0.45,0.28,26.05,0.031,27,122,1.00295,3.06,0.42,10.6,0
3864,7.2,0.24,0.3,1.2,0.037,11,95,0.98914,2.96,0.36,12.5,0
3865,6.8,0.45,0.28,26.05,0.031,27,122,1.00295,3.06,0.42,10.6,0
3866,7.7,0.32,0.61,11.8,0.041,66,188,0.99794,3,0.54,9.3,0
3867,7,0.29,0.33,0.9,0.041,20,117,0.99048,3.21,0.5,11.4,0
3868,6.4,0.37,0.2,5.6,0.117,61,183,0.99459,3.24,0.43,9.5,0
3869,6.4,0.38,0.2,5.3,0.117,57,181,0.99459,3.24,0.43,9.5,0
3870,6.4,0.36,0.2,5.7,0.118,61,172,0.9946,3.24,0.43,9.5,0
3871,6.6,0.3,0.25,8,0.036,21,124,0.99362,3.06,0.38,10.8,0
3872,6.6,0.3,0.25,8,0.036,21,124,0.99362,3.06,0.38,10.8,0
3873,6.5,0.21,0.51,17.6,0.045,34,125,0.99966,3.2,0.47,8.8,0
3874,6.6,0.3,0.25,8,0.036,21,124,0.99362,3.06,0.38,10.8,0
3875,5.8,0.58,0,1.5,0.02,33,96,0.98918,3.29,0.38,12.4,0
3876,6.7,0.13,0.32,3.7,0.017,32,99,0.99348,3.12,0.44,10,0
3877,6.8,0.19,0.33,4.9,0.047,42,130,0.99283,3.12,0.56,11,0
3878,6,0.25,0.4,5.7,0.052,56,152,0.99398,3.16,0.88,10.5,0
3879,6,0.25,0.4,5.7,0.052,56,152,0.99398,3.16,0.88,10.5,0
3880,6.8,0.19,0.33,4.9,0.047,42,130,0.99283,3.12,0.56,11,0
3881,5.9,0.18,0.28,5.1,0.039,50,139,0.99165,3.16,0.44,11.3,0
3882,7.3,0.31,0.25,6.65,0.032,30,138,0.99244,2.9,0.37,11.1,0
3883,7,0.29,0.37,1.6,0.035,34,126,0.99058,3.26,0.47,12.3,0
3884,6.9,0.19,0.6,4,0.037,6,122,0.99255,2.92,0.59,10.4,0
3885,6.3,0.32,0.17,17.75,0.06,51,190,0.99916,3.13,0.48,8.8,0
3886,6.6,0.085,0.33,1.4,0.036,17,109,0.99306,3.27,0.61,9.5,0
3887,6.3,0.32,0.17,17.75,0.06,51,190,0.99916,3.13,0.48,8.8,0
3888,6.8,0.18,0.32,7.2,0.047,17,109,0.99498,3.42,0.44,10.4,0
3889,6.7,0.22,0.39,1.2,0.049,26,152,0.99346,3.5,0.47,10,0
3890,6.1,0.6,0.12,1.8,0.05,11,76,0.99268,3.42,0.48,10.4,0
3891,6.5,0.26,0.31,1.3,0.034,59,145,0.98944,3.16,0.54,12.4,0
3892,6.5,0.27,0.26,11,0.03,2,82,0.99402,3.07,0.36,11.2,0
3893,6.2,0.21,0.18,11.6,0.044,61,155,0.99655,3.14,0.52,9.4,0
3894,6.6,0.34,0.2,1,0.053,26,112,0.99336,3.32,0.55,9.1,0
3895,5.6,0.25,0.19,2.4,0.049,42,166,0.992,3.25,0.43,10.4,0
3896,6.9,0.58,0.58,8.2,0.032,29,169,0.99275,3.28,0.44,12.2,0
3897,7.2,0.23,0.25,18.8,0.085,19,111,1.00044,3.1,0.51,8.7,0
3898,6.8,0.15,0.41,12.9,0.044,79.5,183,0.99742,3.24,0.78,10.2,0
3899,6.8,0.15,0.41,12.9,0.044,79.5,183,0.99742,3.24,0.78,10.2,0
3900,6.8,0.15,0.41,12.9,0.044,79.5,183,0.99742,3.24,0.78,10.2,0
3901,7.6,0.3,0.37,1.6,0.087,27,177,0.99438,3.09,0.5,9.8,0
3902,6,0.16,0.27,12,0.03,39,98,0.99402,3.15,0.34,10.8,0
3903,7.1,0.21,0.35,2.5,0.04,41,186,0.99128,3.32,0.56,12.5,0
3904,7.4,0.22,0.26,8.8,0.027,23,112,0.9931,2.98,0.41,11.4,0
3905,7.2,0.23,0.25,18.8,0.085,19,111,1.00044,3.1,0.51,8.7,0
3906,6.4,0.15,0.4,1.3,0.053,61,146,0.99112,3.17,0.68,11,0
3907,6.8,0.15,0.41,12.9,0.044,79.5,182,0.99742,3.24,0.78,10.2,0
3908,6.3,0.22,0.34,1.2,0.036,32,96,0.98961,3.06,0.74,11.6,0
3909,7.6,0.3,0.37,1.6,0.087,27,177,0.99438,3.09,0.5,9.8,0
3910,7,0.3,0.27,1.5,0.076,24,145,0.99344,3.1,0.52,10.1,0
3911,6.6,0.26,0.22,18.15,0.05,23,139,0.99904,3.06,0.5,9.2,0
3912,7.5,0.24,0.31,13.1,0.05,26,180,0.99884,3.05,0.53,9.1,0
3913,7.5,0.24,0.31,13.1,0.05,26,180,0.99884,3.05,0.53,9.1,0
3914,7.5,0.24,0.31,13.1,0.05,26,180,0.99884,3.05,0.53,9.1,0
3915,7.5,0.24,0.31,13.1,0.05,26,180,0.99884,3.05,0.53,9.1,0
3916,6.6,0.15,0.34,1,0.037,45,79,0.98949,2.96,0.5,11.7,0
3917,6.7,0.34,0.43,1.6,0.041,29,114,0.99014,3.23,0.44,12.6,0
3918,7.7,0.35,0.46,11.8,0.088,61,183,0.99786,2.86,0.47,9,0
3919,6.7,0.31,0.09,1.4,0.039,53,141,0.99206,3.12,0.44,10.1,0
3920,4.7,0.67,0.09,1,0.02,5,9,0.98722,3.3,0.34,13.6,0
3921,7.5,0.24,0.31,13.1,0.05,26,180,0.99884,3.05,0.53,9.1,0
3922,6.3,0.2,0.18,10.6,0.045,57,159,0.99666,3.09,0.54,9.2,0
3923,6.6,0.28,0.23,10.4,0.049,45,190,0.99754,3.12,0.51,8.8,0
3924,8.5,0.18,0.3,1.1,0.028,34,95,0.99272,2.83,0.36,10,0
3925,6.5,0.35,0.38,7.4,0.036,20,196,0.99712,3.47,0.48,9.1,0
3926,6.8,0.22,0.26,1.2,0.041,29,182,0.99104,3.04,0.35,11.2,0
3927,6.3,0.18,0.24,3.4,0.053,20,119,0.99373,3.11,0.52,9.2,0
3928,6.6,0.26,0.22,18.15,0.05,23,139,0.99904,3.06,0.5,9.2,0
3929,6.6,0.3,0.45,8,0.038,54,200,0.9956,3.18,0.48,9.5,0
3930,7.7,0.3,0.23,2,0.068,28,138,0.99382,3.11,0.62,9.8,0
3931,7.7,0.31,0.23,2,0.069,29,134,0.99382,3.11,0.62,9.8,0
3932,5.4,0.255,0.33,1.2,0.051,29,122,0.99048,3.37,0.66,11.3,0
3933,6.6,0.26,0.28,9.4,0.028,13,121,0.99254,3.17,0.34,12.1,0
3934,7.5,0.28,0.41,1.3,0.044,11,126,0.99293,3.28,0.45,10.3,0
3935,6.2,0.22,0.2,20.8,0.035,58,184,1.00022,3.11,0.53,9,0
3936,7,0.34,0.26,10.3,0.041,51,166,0.99382,3.08,0.35,11.6,0
3937,7.5,0.28,0.41,1.3,0.044,11,126,0.99293,3.28,0.45,10.3,0
3938,6.5,0.19,0.34,1.6,0.029,39,116,0.98954,3.21,0.68,12.5,0
3939,6,0.21,0.29,13.1,0.042,28,125,0.99936,3.39,0.45,8.6,0
3940,6.1,0.22,0.46,1.8,0.16,34,74,0.9884,3.19,0.33,13.4,0
3941,6.5,0.32,0.48,8,0.026,18,88,0.99144,3.22,0.79,12.7,0
3942,7.1,0.21,0.72,1.6,0.167,65,120,0.99324,2.97,0.51,9.2,0
3943,5.6,0.26,0.18,1.4,0.034,18,135,0.99174,3.32,0.35,10.2,0
3944,7.4,0.27,0.28,1.8,0.04,45,121,0.99043,3.02,0.4,11.9,0
3945,6.8,0.22,0.3,10.6,0.07,67,194,0.99654,2.89,0.42,9,0
3946,6.2,0.24,0.25,12.5,0.055,47,134,0.99758,3.3,0.51,9,0
3947,6.3,0.28,0.29,6.8,0.051,40,143,0.99374,3.43,0.59,11,0
3948,5.5,0.17,0.23,2.9,0.039,10,108,0.99243,3.28,0.5,10,0
3949,6.5,0.26,0.34,1.4,0.04,25,184,0.99216,3.29,0.46,10.7,0
3950,6.6,0.27,0.33,1.4,0.042,24,183,0.99215,3.29,0.46,10.7,0
3951,7.8,0.19,0.32,7.4,0.015,47,124,0.99278,2.99,0.39,11,0
3952,5.5,0.17,0.23,2.9,0.039,10,108,0.99243,3.28,0.5,10,0
3953,6.5,0.26,0.34,1.4,0.04,25,184,0.99216,3.29,0.46,10.7,0
3954,6.6,0.27,0.33,1.4,0.042,24,183,0.99215,3.29,0.46,10.7,0
3955,7.8,0.19,0.32,7.4,0.015,47,124,0.99278,2.99,0.39,11,0
3956,7.8,0.2,0.32,5,0.016,31,101,0.99186,2.99,0.39,11,0
3957,7.4,0.2,0.35,6.1,0.025,10,40,0.99244,2.79,0.52,10.9,0
3958,6.7,0.39,0.24,2.7,0.017,22,80,0.99084,3.03,0.37,11.5,0
3959,6.9,0.4,0.17,12.9,0.033,59,186,0.99754,3.08,0.49,9.4,0
3960,6.9,0.4,0.17,12.9,0.033,59,186,0.99754,3.08,0.49,9.4,0
3961,6.9,0.4,0.17,12.9,0.033,59,186,0.99754,3.08,0.49,9.4,0
3962,6.3,0.24,0.29,13.7,0.035,53,134,0.99567,3.17,0.38,10.6,0
3963,6.9,0.4,0.17,12.9,0.033,59,186,0.99754,3.08,0.49,9.4,0
3964,7.4,0.27,0.31,2.4,0.014,15,143,0.99094,3.03,0.65,12,0
3965,6.1,0.27,0.28,9.8,0.042,61,125,0.99532,3.14,0.42,10.2,0
3966,6.3,0.24,0.29,13.7,0.035,53,134,0.99567,3.17,0.38,10.6,0
3967,5,0.61,0.12,1.3,0.009,65,100,0.9874,3.26,0.37,13.5,0
3968,6.7,0.42,0.39,12.1,0.04,61,248,0.99794,3.31,0.58,9.7,0
3969,6.5,0.33,0.28,6.1,0.018,41,103,0.99122,3.24,0.32,12.2,0
3970,6.9,0.33,0.31,7.7,0.04,29,135,0.99226,3.11,0.57,12.3,0
3971,6.5,0.33,0.28,6.1,0.018,41,103,0.99122,3.24,0.32,12.2,0
3972,6.7,0.42,0.39,12.1,0.04,61,248,0.99794,3.31,0.58,9.7,0
3973,7.4,0.25,0.29,6.8,0.02,31,113,0.99338,3.13,0.29,10.8,0
3974,7.6,0.27,0.3,9.2,0.018,23,96,0.9938,3.08,0.29,11,0
3975,6.4,0.27,0.45,8.3,0.05,52,196,0.9955,3.18,0.48,9.5,0
3976,6.5,0.25,0.27,17.4,0.064,29,140,0.99776,3.2,0.49,10.1,0
3977,7.4,0.29,0.48,12.8,0.037,61.5,182,0.99808,3.02,0.34,8.8,0
3978,6.4,0.34,0.44,8.2,0.043,54,201,0.99551,3.18,0.48,9.5,0
3979,6.6,0.27,0.52,8.1,0.044,53,202,0.99548,3.18,0.48,9.5,0
3980,6.6,0.26,0.52,8.2,0.047,52,191,0.99541,3.16,0.47,9.5,0
3981,6.4,0.27,0.45,8.3,0.05,52,196,0.9955,3.18,0.48,9.5,0
3982,6.5,0.26,0.5,8,0.051,46,197,0.99536,3.18,0.47,9.5,0
3983,6.8,0.25,0.3,11.8,0.043,53,133,0.99524,3.03,0.58,10.4,0
3984,6.3,0.32,0.26,12,0.049,63,170,0.9961,3.14,0.55,9.9,0
3985,5.5,0.24,0.45,1.7,0.046,22,113,0.99224,3.22,0.48,10,0
3986,6.5,0.25,0.27,17.4,0.064,29,140,0.99776,3.2,0.49,10.1,0
3987,6.6,0.13,0.29,13.9,0.056,33,95,0.99702,3.17,0.39,9.4,0
3988,7,0.39,0.21,10.7,0.098,13,91,0.99657,3.03,0.47,9.3,0
3989,7.9,0.21,0.39,2,0.057,21,138,0.99176,3.05,0.52,10.9,0
3990,7,0.3,0.28,2.2,0.042,21,177,0.99166,3.2,0.57,11.4,0
3991,8.1,0.2,0.3,1.3,0.036,7,49,0.99242,2.99,0.73,10.3,0
3992,8.3,0.18,0.3,1.1,0.033,20,57,0.99109,3.02,0.51,11,0
3993,7.9,0.21,0.39,2,0.057,21,138,0.99176,3.05,0.52,10.9,0
3994,7.2,0.17,0.34,6.4,0.042,16,111,0.99278,2.99,0.4,10.8,0
3995,8.1,0.2,0.3,1.3,0.036,7,49,0.99242,2.99,0.73,10.3,0
3996,8.3,0.18,0.3,1.1,0.033,20,57,0.99109,3.02,0.51,11,0
3997,7,0.39,0.21,10.7,0.098,13,91,0.99657,3.03,0.47,9.3,0
3998,6.8,0.21,0.62,6.4,0.041,7,113,0.99358,2.96,0.59,10.2,0
3999,6.9,0.21,0.62,6.3,0.042,7,109,0.99358,2.96,0.59,10.2,0
4000,7.2,0.17,0.34,6.4,0.042,16,111,0.99278,2.99,0.4,10.8,0
4001,6.8,0.26,0.34,15.1,0.06,42,162,0.99705,3.24,0.52,10.5,0
4002,7.2,0.28,0.38,2,0.052,23,156,0.9912,3.13,0.52,11.1,0
4003,7.9,0.21,0.39,2,0.057,21,138,0.99176,3.05,0.52,10.9,0
4004,7,0.3,0.28,2.2,0.042,21,177,0.99166,3.2,0.57,11.4,0
4005,7.4,0.34,0.28,12.1,0.049,31,149,0.99677,3.22,0.49,10.3,0
4006,6.8,0.41,0.3,8.8,0.045,28,131,0.9953,3.12,0.59,9.9,0
4007,6.3,0.4,0.24,5.1,0.036,43,131,0.99186,3.24,0.44,11.3,0
4008,5.1,0.35,0.26,6.8,0.034,36,120,0.99188,3.38,0.4,11.5,0
4009,5.1,0.35,0.26,6.8,0.034,36,120,0.99188,3.38,0.4,11.5,0
4010,6.3,0.3,0.2,3.7,0.039,34,132,0.99158,3,0.38,10.7,0
4011,6.9,0.28,0.28,12.2,0.042,52,139,0.99522,3.03,0.56,10.4,0
4012,7,0.33,0.28,5.7,0.033,39,204,0.99176,3.17,0.64,12.5,0
4013,6.7,0.26,0.49,8.1,0.052,48,197,0.99558,3.19,0.48,9.5,0
4014,6.7,0.46,0.21,4,0.034,12,88,0.99016,3.26,0.54,13,0
4015,5.1,0.35,0.26,6.8,0.034,36,120,0.99188,3.38,0.4,11.5,0
4016,5.1,0.23,0.18,1,0.053,13,99,0.98956,3.22,0.39,11.5,0
4017,6.3,0.4,0.24,5.1,0.036,43,131,0.99186,3.24,0.44,11.3,0
4018,6.8,0.31,0.19,3.5,0.086,30,130,0.993,2.83,0.44,9.6,0
4019,6.8,0.31,0.19,3.5,0.086,30,130,0.993,2.83,0.44,9.6,0
4020,7,0.15,0.29,16.4,0.058,45,110,0.9978,3.15,0.37,9.7,0
4021,6.5,0.41,0.22,4.8,0.052,49,142,0.9946,3.14,0.62,9.2,0
4022,6.2,0.31,0.23,3.3,0.052,34,113,0.99429,3.16,0.48,8.4,0
4023,8,0.27,0.33,1.2,0.05,41,103,0.99002,3,0.45,12.4,0
4024,8,0.27,0.33,1.2,0.05,41,103,0.99002,3,0.45,12.4,0
4025,6.5,0.41,0.22,4.8,0.052,49,142,0.9946,3.14,0.62,9.2,0
4026,6.2,0.31,0.23,3.3,0.052,34,113,0.99429,3.16,0.48,8.4,0
4027,6.7,0.37,0.25,2.5,0.028,24,84,0.9909,3.14,0.36,11.7,0
4028,6.6,0.21,0.5,8.7,0.036,41,191,0.99294,2.96,0.56,11,0
4029,7.5,0.26,0.31,1.6,0.032,36,109,0.99044,2.97,0.43,11.9,0
4030,6.7,0.37,0.25,2.5,0.028,24,84,0.9909,3.14,0.36,11.7,0
4031,6.4,0.32,0.23,16.2,0.055,36,176,0.9986,3.26,0.54,9.1,0
4032,6.7,0.24,0.32,9,0.023,20,109,0.99262,3.34,0.35,12.6,0
4033,6.4,0.32,0.23,16.2,0.055,36,176,0.9986,3.26,0.54,9.1,0
4034,7.1,0.39,0.79,1.4,0.194,23,90,0.99212,3.17,0.46,10.5,0
4035,8.2,0.31,0.43,7,0.047,18,87,0.99628,3.23,0.64,10.6,0
4036,6.7,0.24,0.32,9,0.023,20,109,0.99262,3.34,0.35,12.6,0
4037,5.9,0.2,0.23,1.5,0.037,38,93,0.99021,3.36,0.49,12,0
4038,5.9,0.12,0.27,4.8,0.03,40,110,0.99226,3.55,0.68,12.1,0
4039,5.9,0.18,0.29,4.6,0.032,68,137,0.99159,3.21,0.38,11.3,0
4040,5.9,0.2,0.23,1.5,0.037,38,93,0.99021,3.36,0.49,12,0
4041,5.4,0.17,0.27,2.7,0.049,28,104,0.99224,3.46,0.55,10.3,0
4042,6.1,0.21,0.3,6.3,0.039,47,136,0.99068,3.27,0.31,12.7,0
4043,7.3,0.25,0.26,7.2,0.048,52,207,0.99587,3.12,0.37,9.2,0
4044,7.3,0.25,0.26,7.2,0.048,52,207,0.99587,3.12,0.37,9.2,0
4045,6.2,0.22,0.3,12.4,0.054,108,152,0.99728,3.1,0.47,9.5,0
4046,6.5,0.27,0.19,6.6,0.045,98,175,0.99364,3.16,0.34,10.1,0
4047,6.5,0.27,0.19,6.6,0.045,98,175,0.99364,3.16,0.34,10.1,0
4048,6,0.31,0.38,4.8,0.04,41,101,0.98968,3.24,0.56,13.1,0
4049,8.4,0.23,0.32,1.3,0.048,59,113,0.99178,3.1,0.55,11,0
4050,7.3,0.25,0.26,7.2,0.048,52,207,0.99587,3.12,0.37,9.2,0
4051,6,0.22,0.25,11.1,0.056,112,177,0.9961,3.08,0.36,9.4,0
4052,6.2,0.22,0.3,12.4,0.054,108,152,0.99728,3.1,0.47,9.5,0
4053,6.1,0.23,0.27,9.8,0.055,74,134,0.99534,3.16,0.4,10.2,0
4054,6.5,0.27,0.19,6.6,0.045,98,175,0.99364,3.16,0.34,10.1,0
4055,7.3,0.36,0.54,13.3,0.054,63,193,0.99864,3.06,0.49,8.6,0
4056,7.6,0.37,0.51,11.7,0.094,58,181,0.99776,2.91,0.51,9,0
4057,6.7,0.26,0.51,8,0.062,50,194,0.99545,3.13,0.5,9.6,0
4058,6.1,0.22,0.28,16.55,0.059,54,135,0.99665,3.2,0.38,10.5,0
4059,7.1,0.28,0.31,1.5,0.053,20,98,0.99069,3.15,0.5,11.4,0
4060,6.5,0.35,0.31,10.2,0.069,58,170,0.99692,3.18,0.49,9.4,0
4061,6.8,0.73,0.2,6.6,0.054,25,65,0.99324,3.12,0.28,11.1,0
4062,6,0.28,0.24,17.8,0.047,42,111,0.99896,3.1,0.45,8.9,0
4063,6,0.28,0.24,17.8,0.047,42,111,0.99896,3.1,0.45,8.9,0
4064,7.1,0.2,0.37,1.5,0.049,28,129,0.99226,3.15,0.52,10.8,0
4065,6.8,0.33,0.31,7.4,0.045,34,143,0.99226,3.06,0.55,12.2,0
4066,6,0.28,0.24,17.8,0.047,42,111,0.99896,3.1,0.45,8.9,0
4067,7.2,0.24,0.36,2,0.029,21,63,0.99076,3.13,0.63,12.5,0
4068,6.8,0.33,0.31,7.4,0.045,34,143,0.99226,3.06,0.55,12.2,0
4069,7.2,0.24,0.36,2,0.029,21,63,0.99076,3.13,0.63,12.5,0
4070,6,0.28,0.24,17.8,0.047,42,111,0.99896,3.1,0.45,8.9,0
4071,6.2,0.27,0.26,12.1,0.046,43,127,0.9951,3.16,0.37,10.8,0
4072,6.4,0.38,0.26,8.2,0.043,28,98,0.99234,2.99,0.31,11.4,0
4073,7.1,0.2,0.37,1.5,0.049,28,129,0.99226,3.15,0.52,10.8,0
4074,6,0.21,0.3,8.7,0.036,47,127,0.99368,3.18,0.39,10.6,0
4075,7,0.34,0.1,3.5,0.044,17,63,0.9937,3.01,0.39,9.2,0
4076,5.9,0.435,0.16,6.4,0.031,21,134,0.99151,3.24,0.46,12.2,0
4077,7,0.25,0.33,2.1,0.021,17,76,0.99021,3.26,0.45,12.3,0
4078,6.7,0.26,0.29,7.7,0.038,40,179,0.99479,3.23,0.56,10.4,0
4079,7,0.24,0.3,12.3,0.035,72,172,0.9954,2.99,0.57,10.4,0
4080,6,0.21,0.3,8.7,0.036,47,127,0.99368,3.18,0.39,10.6,0
4081,7,0.34,0.1,3.5,0.044,17,63,0.9937,3.01,0.39,9.2,0
4082,4.8,0.65,0.12,1.1,0.013,4,10,0.99246,3.32,0.36,13.5,0
4083,6.1,0.22,0.38,2.8,0.144,12,65,0.9908,2.95,0.64,11.4,0
4084,5.8,0.27,0.26,3.5,0.071,26,69,0.98994,3.1,0.38,11.5,0
4085,7.1,0.37,0.3,6.2,0.04,49,139,0.99021,3.17,0.27,13.6,0
4086,7.2,0.23,0.82,1.3,0.149,70,109,0.99304,2.93,0.42,9.2,0
4087,7.2,0.25,0.32,1.5,0.054,24,105,0.99154,3.17,0.48,11.1,0
4088,7.1,0.37,0.3,6.2,0.04,49,139,0.99021,3.17,0.27,13.6,0
4089,6.2,0.28,0.51,7.9,0.056,49,206,0.9956,3.18,0.52,9.4,0
4090,6.6,0.31,0.28,1.4,0.035,28,107,0.98836,3,0.4,13.2,0
4091,7.4,0.25,0.37,2.6,0.05,24,132,0.99138,3.04,0.53,11.2,0
4092,7.3,0.36,0.34,14.8,0.057,46,173,0.99751,3.14,0.57,10.2,0
4093,8.6,0.31,0.3,0.9,0.045,16,109,0.99249,2.95,0.39,10.1,0
4094,8.6,0.31,0.3,0.9,0.045,16,109,0.99249,2.95,0.39,10.1,0
4095,8.6,0.22,0.33,1.2,0.031,38,95,0.99239,2.83,0.31,10.3,0
4096,6.9,0.14,0.29,9.9,0.056,30,91,0.99512,3.19,0.33,9.9,0
4097,6.5,0.22,0.31,3.9,0.046,17,106,0.99098,3.15,0.31,11.5,0
4098,6.6,0.32,0.47,15.6,0.063,27,173,0.99872,3.18,0.56,9,0
4099,6.6,0.32,0.47,15.6,0.063,27,173,0.99872,3.18,0.56,9,0
4100,6.1,0.28,0.26,1.5,0.03,25,101,0.98894,3.03,0.41,12.1,0
4101,6.2,0.3,0.28,1.6,0.036,28,106,0.988245,3.14,0.41,13.3,0
4102,8.7,0.31,0.21,5.6,0.039,28,67,0.99328,2.96,0.52,11,0
4103,7.3,0.27,0.3,1.3,0.04,26,84,0.99222,3.28,0.53,10.7,0
4104,7,0.46,0.2,16.7,0.046,50,184,0.99898,3.08,0.56,9.4,0
4105,5.7,0.23,0.25,7.95,0.042,16,108,0.99486,3.44,0.61,10.3,0
4106,6.5,0.36,0.36,6.7,0.185,51.5,151,0.99528,3.17,0.42,9.3,0
4107,8.2,0.18,0.38,1.1,0.04,41,92,0.99062,2.88,0.6,12,0
4108,6.2,0.27,0.32,6.3,0.048,47,159,0.99282,3.21,0.6,11,0
4109,6.9,0.4,0.37,8.9,0.053,36,148,0.996,3.16,0.5,9.3,0
4110,4.9,0.345,0.34,1,0.068,32,143,0.99138,3.24,0.4,10.1,0
4111,7.2,0.23,0.39,1.5,0.053,26,106,0.99166,3.18,0.47,11.1,0
4112,6.4,0.2,0.15,6.6,0.046,26,113,0.99408,2.99,0.58,9.9,0
4113,6.1,0.27,0.32,6.2,0.048,47,161,0.99281,3.22,0.6,11,0
4114,6.2,0.27,0.32,6.3,0.048,47,159,0.99282,3.21,0.6,11,0
4115,6,0.3,0.33,2.1,0.042,31,127,0.98964,3.32,0.42,12.5,0
4116,5.7,0.14,0.3,5.4,0.045,26,105,0.99469,3.32,0.45,9.3,0
4117,6.9,0.4,0.37,8.9,0.053,36,148,0.996,3.16,0.5,9.3,0
4118,4.9,0.345,0.34,1,0.068,32,143,0.99138,3.24,0.4,10.1,0
4119,6.3,0.33,0.2,17.9,0.066,36,161,0.9991,3.14,0.51,8.8,0
4120,7,0.16,0.3,2.6,0.043,34,90,0.99047,2.88,0.47,11.2,0
4121,6.3,0.33,0.2,17.9,0.066,36,161,0.9991,3.14,0.51,8.8,0
4122,7,0.16,0.3,2.6,0.043,34,90,0.99047,2.88,0.47,11.2,0
4123,5.4,0.24,0.18,2.3,0.05,22,145,0.99207,3.24,0.46,10.3,0
4124,7.7,0.31,0.36,4.3,0.026,15,87,0.99152,3.11,0.48,12,0
4125,5.6,0.185,0.19,7.1,0.048,36,110,0.99438,3.26,0.41,9.5,0
4126,5.6,0.185,0.19,7.1,0.048,36,110,0.99438,3.26,0.41,9.5,0
4127,6.6,0.43,0.24,11.9,0.04,54,159,0.99622,3.14,0.54,9.8,0
4128,7.6,0.39,0.46,11.7,0.084,55,170,0.99773,2.91,0.51,9,0
4129,7.5,0.35,0.48,12.4,0.056,61,176.5,0.99803,2.97,0.52,8.8,0
4130,7.3,0.38,0.23,6.5,0.05,18,102,0.99304,3.1,0.55,11.2,0
4131,5.4,0.185,0.19,7.1,0.048,36,110,0.99438,3.26,0.41,9.5,0
4132,6.3,0.27,0.51,7.6,0.049,35,200,0.99548,3.16,0.54,9.4,0
4133,6.5,0.29,0.52,7.9,0.049,35,192,0.99551,3.16,0.51,9.5,0
4134,6.4,0.17,0.3,2.8,0.034,33,125,0.99152,3.03,0.49,10.4,0
4135,6.4,0.17,0.3,2.8,0.034,33,125,0.99152,3.03,0.49,10.4,0
4136,6.8,0.37,0.67,1.5,0.175,16,98,0.99244,3.06,0.56,10.3,0
4137,6.3,0.27,0.51,7.6,0.049,35,200,0.99548,3.16,0.54,9.4,0
4138,6.5,0.29,0.52,7.9,0.049,35,192,0.99551,3.16,0.51,9.5,0
4139,6.9,0.27,0.25,7.5,0.03,18,117,0.99116,3.09,0.38,13,0
4140,6.5,0.29,0.52,1.7,0.034,41,193,0.99223,3.25,0.59,10.4,0
4141,6.1,0.22,0.25,12.1,0.035,54,135,0.99481,3.21,0.4,10.7,0
4142,5.6,0.23,0.25,8,0.043,31,101,0.99429,3.19,0.42,10.4,0
4143,6.8,0.11,0.27,8.6,0.044,45,104,0.99454,3.2,0.37,9.9,0
4144,6.8,0.11,0.27,8.6,0.044,45,104,0.99454,3.2,0.37,9.9,0
4145,7.3,0.23,0.41,14.6,0.048,73,223,0.99863,3.16,0.71,9.4,0
4146,6.1,0.2,0.17,1.6,0.048,46,129,0.991,3.3,0.43,11.4,0
4147,6.8,0.11,0.27,8.6,0.044,45,104,0.99454,3.2,0.37,9.9,0
4148,7.3,0.23,0.41,14.6,0.048,73,223,0.99863,3.16,0.71,9.4,0
4149,6.9,0.2,0.41,1.1,0.06,36,104,0.99317,2.99,0.39,9.2,0
4150,8,0.37,0.31,4.7,0.038,3,127,0.99186,2.9,0.72,12.1,0
4151,6.4,0.24,0.49,5.8,0.053,25,120,0.9942,3.01,0.98,10.5,0
4152,6.4,0.24,0.49,5.8,0.053,25,120,0.9942,3.01,0.98,10.5,0
4153,6.4,0.24,0.49,5.8,0.053,25,120,0.9942,3.01,0.98,10.5,0
4154,6.4,0.25,0.57,1,0.062,21,122,0.99238,3,0.4,9.5,0
4155,6.1,0.25,0.48,15.8,0.052,25,94,0.99782,3.07,0.45,9.2,0
4156,6.8,0.14,0.35,1.5,0.047,40,117,0.99111,3.07,0.72,11.1,0
4157,6.8,0.14,0.35,1.5,0.047,40,117,0.99111,3.07,0.72,11.1,0
4158,5.4,0.15,0.32,2.5,0.037,10,51,0.98878,3.04,0.58,12.6,0
4159,6.4,0.25,0.57,1,0.062,21,122,0.99238,3,0.4,9.5,0
4160,6.1,0.25,0.48,15.8,0.052,25,94,0.99782,3.07,0.45,9.2,0
4161,6.8,0.22,0.32,5.9,0.054,40,152,0.9938,3.2,0.57,10.8,0
4162,7.2,0.21,0.29,3.1,0.044,39,122,0.99143,3,0.6,11.3,0
4163,6.4,0.24,0.49,5.8,0.053,25,120,0.9942,3.01,0.98,10.5,0
4164,6.5,0.46,0.24,11.5,0.051,56,171,0.99588,3.08,0.56,9.8,0
4165,6.5,0.18,0.48,18,0.054,56,183,1.00038,2.98,0.61,8.5,0
4166,6.2,0.32,0.12,4.8,0.054,6,97,0.99424,3.16,0.5,9.3,0
4167,7.2,0.4,0.24,8.5,0.055,45,151,0.99626,3.2,0.52,9.2,0
4168,5.9,0.23,0.24,1.6,0.037,32,115,0.99076,3.21,0.51,11.4,0
4169,6.4,0.18,0.48,18,0.054,56,183,1.00038,2.98,0.61,8.5,0
4170,6.2,0.32,0.12,4.8,0.054,6,97,0.99424,3.16,0.5,9.3,0
4171,6.4,0.37,0.12,5.9,0.056,6,91,0.99536,3.06,0.46,8.4,0
4172,7,0.23,0.42,1.1,0.062,35,100,0.99318,3.04,0.4,9.2,0
4173,7.2,0.4,0.24,8.5,0.055,45,151,0.99626,3.2,0.52,9.2,0
4174,7.6,0.19,0.37,13.1,0.033,52,151,0.99726,3.18,0.79,10.4,0
4175,6,0.28,0.27,4.1,0.046,50,147,0.99126,3.27,0.56,11.6,0
4176,6.2,0.32,0.45,2.9,0.029,37,94,0.98998,3.25,0.6,12.4,0
4177,7.6,0.19,0.37,13.1,0.033,52,151,0.99726,3.18,0.79,10.4,0
4178,6.4,0.26,0.26,1.1,0.052,22,176,0.99304,3.09,0.54,9.3,0
4179,5.9,0.25,0.27,1.5,0.029,37,81,0.9892,3.2,0.46,12.2,0
4180,6.1,0.28,0.3,7.75,0.031,33,139,0.99296,3.22,0.46,11,0
4181,6.9,0.19,0.38,1.15,0.023,30,105,0.99047,3.11,0.38,11.4,0
4182,6.4,0.29,0.57,1,0.06,15,120,0.9924,3.06,0.41,9.5,0
4183,6.8,0.27,0.22,17.8,0.034,16,116,0.9989,3.07,0.53,9.2,0
4184,7.5,0.26,0.38,5.7,0.021,23,125,0.99338,3.13,0.62,11.1,0
4185,6.8,0.27,0.22,17.8,0.034,16,116,0.9989,3.07,0.53,9.2,0
4186,6.4,0.2,0.22,7.4,0.032,53,172,0.99404,3.24,0.58,11,0
4187,7.3,0.33,0.22,1.4,0.041,40,177,0.99287,3.14,0.48,9.9,0
4188,7.3,0.34,0.22,1.4,0.044,43,176,0.99286,3.14,0.46,9.9,0
4189,6.4,0.29,0.57,1,0.06,15,120,0.9924,3.06,0.41,9.5,0
4190,6.1,1.1,0.16,4.4,0.033,8,109,0.99058,3.35,0.47,12.4,0
4191,6.3,0.24,0.29,1.6,0.052,48,185,0.9934,3.21,0.5,9.4,0
4192,6.2,0.24,0.22,7.9,0.053,45,149,0.99545,3.23,0.52,9.3,0
4193,6.9,0.19,0.35,13.5,0.038,49,118,0.99546,3,0.63,10.7,0
4194,6.9,0.19,0.35,13.5,0.038,49,118,0.99546,3,0.63,10.7,0
4195,6.8,0.16,0.36,1.3,0.034,32,98,0.99058,3.02,0.58,11.3,0
4196,6.8,0.3,0.27,11.6,0.028,22,97,0.99314,2.96,0.38,11.7,0
4197,6.2,0.24,0.22,7.9,0.053,45,149,0.99545,3.23,0.52,9.3,0
4198,6.8,0.3,0.27,11.6,0.028,22,97,0.99314,2.96,0.38,11.7,0
4199,6.5,0.43,0.18,13.15,0.032,25,131,0.99565,3.23,0.51,10.7,0
4200,6.6,0.17,0.36,1.9,0.036,38,110,0.99056,3.05,0.54,11.4,0
4201,6.9,0.19,0.35,13.5,0.038,49,118,0.99546,3,0.63,10.7,0
4202,6.8,0.16,0.36,1.3,0.034,32,98,0.99058,3.02,0.58,11.3,0
4203,6.4,0.41,0.01,6.1,0.048,20,70,0.99362,3.19,0.42,10,0
4204,6.4,0.41,0.01,6.1,0.048,20,70,0.99362,3.19,0.42,10,0
4205,7.4,0.36,0.32,1.9,0.036,27,119,0.99196,3.15,0.49,11.2,0
4206,6.1,0.17,0.21,1.9,0.09,44,130,0.99255,3.07,0.41,9.7,0
4207,5.5,0.28,0.21,1.6,0.032,23,85,0.99027,3.42,0.42,12.5,0
4208,7.1,0.44,0.27,8.4,0.057,60,160,0.99257,3.16,0.36,11.8,0
4209,6.9,0.38,0.28,8.3,0.062,22,166,0.99506,3.16,0.72,10.6,0
4210,7.1,0.44,0.27,8.4,0.057,60,160,0.99257,3.16,0.36,11.8,0
4211,6.2,0.24,0.28,12.2,0.049,54,133,0.9952,3.19,0.37,10.7,0
4212,6.1,0.28,0.27,8,0.048,41,162,0.99498,3.21,0.51,9.9,0
4213,7.6,0.26,0.32,1.3,0.048,23,76,0.9903,2.96,0.46,12,0
4214,6.5,0.36,0.16,1.3,0.054,11,107,0.99398,3.19,0.39,8.5,0
4215,6.6,0.35,0.19,10.5,0.06,15,82,0.99588,3.13,0.38,9.9,0
4216,5.7,0.25,0.26,12.5,0.049,52.5,120,0.99691,3.08,0.45,9.4,0
4217,7.4,0.37,0.26,9.6,0.05,33,134,0.99608,3.13,0.46,10.4,0
4218,5.7,0.25,0.21,1.5,0.044,21,108,0.99142,3.3,0.59,11,0
4219,5.8,0.23,0.21,1.5,0.044,21,110,0.99138,3.3,0.57,11,0
4220,5.4,0.265,0.28,7.8,0.052,27,91,0.99432,3.19,0.38,10.4,0
4221,5.7,0.25,0.27,10.8,0.05,58,116,0.99592,3.1,0.5,9.8,0
4222,5.7,0.25,0.26,12.5,0.049,52.5,106,0.99691,3.08,0.45,9.4,0
4223,5.9,0.23,0.28,8.6,0.046,37,142,0.99432,3.23,0.53,10.6,0
4224,6.2,0.3,0.32,1.2,0.052,32,185,0.99266,3.28,0.44,10.1,0
4225,7.4,0.26,0.29,3.7,0.048,14,73,0.9915,3.06,0.45,11.4,0
4226,7,0.2,0.4,1.1,0.058,30,93,0.99322,3.03,0.38,9.2,0
4227,6.5,0.21,0.42,1.1,0.059,33,101,0.9927,3.12,0.38,9.7,0
4228,7.3,0.25,0.27,3.8,0.047,16,79,0.99173,3.07,0.46,11.3,0
4229,6.8,0.27,0.24,4.6,0.098,36,127,0.99412,3.15,0.49,9.6,0
4230,6.7,0.24,0.3,10.2,0.07,44,179,0.99666,2.86,0.46,8.9,0
4231,6.4,0.14,0.28,7.9,0.057,21,82,0.99425,3.26,0.36,10,0
4232,6.4,0.5,0.2,2.4,0.059,19,112,0.99314,3.18,0.4,9.2,0
4233,6.6,0.41,0.27,10.7,0.11,20,103,0.99672,3.08,0.41,9,0
4234,6.6,0.41,0.27,10.7,0.11,20,103,0.99672,3.08,0.41,9,0
4235,8,0.25,0.35,1.1,0.054,13,136,0.99366,3.08,0.55,9.5,0
4236,6.4,0.14,0.28,7.9,0.057,21,82,0.99425,3.26,0.36,10,0
4237,6.6,0.21,0.34,5.6,0.046,30,140,0.99299,3.22,0.38,11,0
4238,6.4,0.5,0.2,2.4,0.059,19,112,0.99314,3.18,0.4,9.2,0
4239,6.3,0.29,0.23,14.2,0.037,24,99,0.99528,3.08,0.38,10.6,0
4240,6.9,0.37,0.23,9.5,0.057,54,166,0.99568,3.23,0.42,10,0
4241,6.9,0.37,0.23,9.5,0.057,54,166,0.99568,3.23,0.42,10,0
4242,5.3,0.23,0.56,0.9,0.041,46,141,0.99119,3.16,0.62,9.7,0
4243,6.8,0.3,0.26,20.3,0.037,45,150,0.99727,3.04,0.38,12.3,0
4244,6.7,0.28,0.42,3.5,0.035,43,105,0.99021,3.18,0.38,12.2,0
4245,5,0.255,0.22,2.7,0.043,46,153,0.99238,3.75,0.76,11.3,0
4246,7.6,0.4,0.27,1.2,0.053,23,193,0.99164,3.22,0.38,11.6,0
4247,5.5,0.21,0.25,1.2,0.04,18,75,0.99006,3.31,0.56,11.3,0
4248,6,0.2,0.25,2,0.041,30,95,0.99078,3.27,0.56,11.1,0
4249,6.1,0.17,0.29,1.1,0.041,32,92,0.99036,3.26,0.57,11.2,0
4250,7.5,0.21,0.29,1.5,0.046,35,107,0.99123,3.15,0.45,11.3,0
4251,7.3,0.26,0.32,1.2,0.041,29,94,0.98978,3.07,0.45,12,0
4252,6.2,0.35,0.2,18.1,0.069,33,158,0.99908,3.15,0.5,8.8,0
4253,6.2,0.35,0.2,18.1,0.069,33,158,0.99908,3.15,0.5,8.8,0
4254,7.4,0.28,0.5,12.1,0.049,48,122,0.9973,3.01,0.44,9,0
4255,6.3,0.23,0.22,17.45,0.054,42,151,0.99853,3.12,0.6,9.3,0
4256,6.2,0.34,0.25,12.1,0.059,33,171,0.99769,3.14,0.56,8.7,0
4257,6.6,0.44,0.32,3,0.095,13,75,0.98954,3.1,0.63,12.8,0
4258,6.3,0.17,0.23,5.7,0.048,44,147,0.99382,3.08,0.54,10,0
4259,6.3,0.18,0.22,5.6,0.047,45,147,0.99383,3.09,0.54,10,0
4260,6.7,0.31,0.34,6.8,0.059,51,215,0.99538,3.33,0.56,10.3,0
4261,6.6,0.33,0.32,15.6,0.054,62,227,0.99734,3.25,0.56,10.4,0
4262,6.8,0.29,0.32,1.8,0.032,18,130,0.99095,3.05,0.62,11.2,0
4263,7.4,0.31,0.26,8.6,0.048,47,206,0.9964,3.26,0.36,9.1,0
4264,7.4,0.31,0.26,8.6,0.048,47,206,0.9964,3.26,0.36,9.1,0
4265,5.7,0.25,0.27,11.5,0.04,24,120,0.99411,3.33,0.31,10.8,0
4266,6.8,0.27,0.28,7.8,0.038,26,89,0.9915,3.24,0.34,12.5,0
4267,5.9,0.26,0.24,2.4,0.046,27,132,0.99234,3.63,0.73,11.3,0
4268,5.9,0.65,0.23,5,0.035,20,128,0.99016,3.46,0.48,12.8,0
4269,7.4,0.31,0.26,8.6,0.048,47,206,0.9964,3.26,0.36,9.1,0
4270,6.6,0.23,0.32,1.5,0.041,8,72,0.98949,3.22,0.39,12.7,0
4271,6.8,0.28,0.29,11.9,0.052,51,149,0.99544,3.02,0.58,10.4,0
4272,6.8,0.28,0.29,11.9,0.052,51,149,0.99544,3.02,0.58,10.4,0
4273,5.9,0.27,0.27,9,0.051,43,136,0.9941,3.25,0.53,10.7,0
4274,6.1,0.25,0.28,10,0.055,56,131,0.994,3.22,0.35,10.9,0
4275,6.8,0.28,0.29,11.9,0.052,51,149,0.99544,3.02,0.58,10.4,0
4276,6.8,0.26,0.29,11.9,0.052,54,160,0.99546,3.03,0.58,10.4,0
4277,6.2,0.2,0.25,15,0.055,8,120,0.99767,3.19,0.53,9.6,0
4278,7.6,0.48,0.31,9.4,0.046,6,194,0.99714,3.07,0.61,9.4,0
4279,7.4,0.26,0.32,3.7,0.032,29,193,0.99134,3.1,0.67,12.5,0
4280,6.2,0.2,0.25,15,0.055,8,120,0.99767,3.19,0.53,9.6,0
4281,6.1,0.3,0.47,1.4,0.049,50,187,0.9927,3.19,0.45,9.5,0
4282,6.2,0.32,0.5,6.5,0.048,61,186,0.9948,3.19,0.45,9.6,0
4283,6.1,0.3,0.47,1.4,0.049,50,187,0.9927,3.19,0.45,9.5,0
4284,6.3,0.34,0.52,6.3,0.047,63,186,0.99481,3.18,0.44,9.6,0
4285,7.2,0.26,0.38,1.5,0.061,12,120,0.99192,3.18,0.46,10.4,0
4286,7,0.31,0.35,1.6,0.063,13,119,0.99184,3.22,0.5,10.7,0
4287,6,0.19,0.26,1.4,0.039,30,104,0.98998,3.32,0.41,12.4,0
4288,6.6,0.22,0.37,1.6,0.04,31,101,0.99009,3.15,0.66,12,0
4289,6.8,0.34,0.27,5.2,0.06,14,169,0.99252,3.27,0.57,11.6,0
4290,7.1,0.34,0.86,1.4,0.174,36,99,0.99288,2.92,0.5,9.3,0
4291,6.3,0.24,0.22,11.9,0.05,65,179,0.99659,3.06,0.58,9.3,0
4292,6.8,0.24,0.33,3.2,0.049,68,161,0.99324,3.1,0.69,10.2,0
4293,6.4,0.25,0.33,1.7,0.037,35,113,0.99164,3.23,0.66,10.6,0
4294,6.9,0.24,0.4,15.4,0.052,81,198,0.9986,3.2,0.69,9.4,0
4295,6.5,0.31,0.61,13,0.053,31,123,0.99708,3.09,0.5,9.3,0
4296,6.6,0.25,0.32,5.6,0.039,15,68,0.99163,2.96,0.52,11.1,0
4297,7.5,0.38,0.56,9.7,0.055,15,170,0.99605,3.13,0.65,9.9,0
4298,6.9,0.24,0.4,15.4,0.052,81,198,0.9986,3.2,0.69,9.4,0
4299,7.6,0.27,0.32,1.2,0.043,23,72,0.99236,3.06,0.68,10.5,0
4300,5.9,0.24,0.34,2,0.037,40,108,0.98948,3.19,0.5,12.3,0
4301,5.3,0.33,0.3,1.2,0.048,25,119,0.99045,3.32,0.62,11.3,0
4302,6.4,0.21,0.21,5.1,0.097,21,105,0.9939,3.07,0.46,9.6,0
4303,7,0.22,0.3,1.4,0.04,14,63,0.98985,3.2,0.33,12,0
4304,7.8,0.27,0.35,1.2,0.05,36,140,0.99138,3.09,0.45,11.2,0
4305,6.7,0.2,0.24,6.5,0.044,28,100,0.99348,3.12,0.33,10.2,0
4306,8.1,0.27,0.33,1.3,0.045,26,100,0.99066,2.98,0.44,12.4,0
4307,6.7,0.2,0.24,6.5,0.044,28,100,0.99348,3.12,0.33,10.2,0
4308,5.8,0.22,0.29,1.3,0.036,25,68,0.98865,3.24,0.35,12.6,0
4309,6.3,0.3,0.48,7.4,0.053,34,149,0.99472,3.18,0.53,9.8,0
4310,7.9,0.36,0.53,12.9,0.049,63,139,0.99792,2.94,0.45,9.1,0
4311,8.1,0.27,0.33,1.3,0.045,26,100,0.99066,2.98,0.44,12.4,0
4312,8,0.24,0.33,1.2,0.044,28,101,0.99035,3.03,0.43,12.5,0
4313,6.7,0.41,0.27,2.6,0.033,25,85,0.99086,3.05,0.34,11.7,0
4314,6.7,0.24,0.31,2.3,0.044,37,113,0.99013,3.29,0.46,12.9,0
4315,6.2,0.3,0.32,1.3,0.054,27,183,0.99266,3.3,0.43,10.1,0
4316,6.9,0.26,0.38,10.5,0.044,33,139,0.99517,3.06,0.5,10.3,0
4317,6.7,0.41,0.27,2.6,0.033,25,85,0.99086,3.05,0.34,11.7,0
4318,5.9,0.32,0.2,14.4,0.05,29,144,0.99666,3.24,0.41,10.3,0
4319,5.6,0.23,0.29,3.1,0.023,19,89,0.99068,3.25,0.51,11.2,0
4320,6.6,0.23,0.32,1.7,0.024,26,102,0.99084,3.29,0.6,11.8,0
4321,6,0.17,0.21,6,0.05,26,134,0.9939,3.08,0.54,9.8,0
4322,7.1,0.38,0.42,11.8,0.041,32,193,0.99624,3.04,0.49,10,0
4323,6.6,0.31,0.37,6.2,0.052,13,164,0.99602,3.24,0.39,8.8,0
4324,6.5,0.38,0.53,1.4,0.142,5,69,0.9926,3.14,0.52,10.1,0
4325,7,0.44,0.24,12.1,0.056,68,210,0.99718,3.05,0.5,9.5,0
4326,7,0.44,0.24,12.1,0.056,68,210,0.99718,3.05,0.5,9.5,0
4327,7,0.44,0.24,12.1,0.056,68,210,0.99718,3.05,0.5,9.5,0
4328,6.1,0.38,0.14,3.9,0.06,27,113,0.99344,3.07,0.34,9.2,0
4329,8,0.33,0.32,4.6,0.041,31,180,0.99184,2.92,0.74,12.2,0
4330,7,0.44,0.24,12.1,0.056,68,210,0.99718,3.05,0.5,9.5,0
4331,6,0.19,0.29,1.2,0.046,29,92,0.99033,3.22,0.53,11.3,0
4332,6.3,0.28,0.34,8.1,0.038,44,129,0.99248,3.26,0.29,12.1,0
4333,6.1,0.38,0.14,3.9,0.06,27,113,0.99344,3.07,0.34,9.2,0
4334,5.3,0.43,0.11,1.1,0.029,6,51,0.99076,3.51,0.48,11.2,0
4335,6.2,0.345,0.27,10.1,0.056,38,187,0.99486,3.31,0.56,10.6,0
4336,6.2,0.29,0.23,12.4,0.048,33,201,0.99612,3.11,0.56,9.9,0
4337,6.3,0.26,0.25,5.2,0.046,11,133,0.99202,2.97,0.68,11,0
4338,6,0.22,0.23,5,0.045,10,122,0.99261,2.94,0.63,10,0
4339,7.5,0.35,0.37,2.5,0.066,29,89,0.98964,3.14,0.42,12.7,0
4340,6.6,0.39,0.28,9.2,0.036,10,92,0.99206,3.07,0.35,12.1,0
4341,6.3,0.23,0.33,6.9,0.052,23,118,0.9938,3.23,0.46,10.4,0
4342,6.3,0.22,0.3,2,0.05,23,120,0.99204,3.24,0.47,10.4,0
4343,6.4,0.29,0.18,15,0.04,21,116,0.99736,3.14,0.5,9.2,0
4344,6.4,0.29,0.18,15,0.04,21,116,0.99736,3.14,0.5,9.2,0
4345,7.5,0.23,0.3,1.2,0.03,27,80,0.99192,3.05,0.68,10.5,0
4346,6.4,0.29,0.18,15,0.04,21,116,0.99736,3.14,0.5,9.2,0
4347,6.5,0.26,0.24,10.8,0.042,47,130,0.996,3.08,0.4,10.1,0
4348,6.4,0.27,0.29,3.9,0.034,62,140,0.99237,3.1,0.59,11.1,0
4349,6.8,0.26,0.26,2,0.019,23.5,72,0.99041,3.16,0.47,11.8,0
4350,7.6,0.36,0.48,13.5,0.038,44,116,0.9982,3.04,0.48,9.2,0
4351,7.6,0.35,0.47,13.3,0.037,42,116,0.99822,3.04,0.5,9.2,0
4352,5.7,0.18,0.26,2.2,0.023,21,95,0.9893,3.07,0.54,12.3,0
4353,6.6,0.36,0.47,1.4,0.145,26,124,0.99274,3.09,0.56,10.1,0
4354,5.9,0.14,0.2,1.6,0.04,26,114,0.99105,3.25,0.45,11.4,0
4355,5.5,0.23,0.19,2.2,0.044,39,161,0.99209,3.19,0.43,10.4,0
4356,6.7,0.11,0.26,14.8,0.053,44,95,0.99676,3.2,0.35,9.8,0
4357,7,0.24,0.24,1.8,0.047,29,91,0.99251,3.3,0.43,9.9,0
4358,6.7,0.11,0.26,14.8,0.053,44,95,0.99676,3.2,0.35,9.8,0
4359,5.3,0.47,0.1,1.3,0.036,11,74,0.99082,3.48,0.54,11.2,0
4360,7.5,0.29,0.24,9.9,0.058,25,115,0.99567,3.15,0.46,10.9,0
4361,6,0.33,0.26,5.1,0.051,16,119,0.99416,3.15,0.41,9.2,0
4362,6,0.33,0.26,5.1,0.051,16,119,0.99416,3.15,0.41,9.2,0
4363,5.8,0.32,0.23,1.5,0.033,39,121,0.9887,2.96,0.35,12,0
4364,5.8,0.3,0.23,1.5,0.034,37,121,0.98871,2.96,0.34,12.1,0
4365,3.8,0.31,0.02,11.1,0.036,20,114,0.99248,3.75,0.44,12.4,0
4366,6.2,0.36,0.22,5.25,0.038,44,145,0.99184,3.22,0.4,11.2,0
4367,6.9,0.52,0.54,7.9,0.036,23,169,0.99267,3.26,0.47,12.2,0
4368,7,0.55,0.05,8,0.036,19,164,0.99269,3.26,0.46,12.2,0
4369,5.8,0.2,0.16,1.4,0.042,44,99,0.98912,3.23,0.37,12.2,0
4370,6.2,0.36,0.22,5.25,0.038,44,145,0.99184,3.22,0.4,11.2,0
4371,5.7,0.22,0.29,3.5,0.04,27,146,0.98999,3.17,0.36,12.1,0
4372,7.1,0.46,0.23,13.7,0.045,44,192,0.9981,3.11,0.53,9.4,0
4373,6.6,0.21,0.3,9.9,0.041,64,174,0.995,3.07,0.5,10.1,0
4374,6.9,0.42,0.2,15.4,0.043,57,201,0.99848,3.08,0.54,9.4,0
4375,5.7,0.22,0.2,16,0.044,41,113,0.99862,3.22,0.46,8.9,0
4376,5.7,0.22,0.2,16,0.044,41,113,0.99862,3.22,0.46,8.9,0
4377,5.7,0.22,0.2,16,0.044,41,113,0.99862,3.22,0.46,8.9,0
4378,5.7,0.22,0.2,16,0.044,41,113,0.99862,3.22,0.46,8.9,0
4379,7.2,0.22,0.35,5.5,0.054,37,183,0.99474,3.08,0.5,10.3,0
4380,5.6,0.18,0.29,2.3,0.04,5,47,0.99126,3.07,0.45,10.1,0
4381,6.2,0.24,0.27,16.8,0.04,48,129,0.99691,3.23,0.38,10.5,0
4382,5.7,0.22,0.2,16,0.044,41,113,0.99862,3.22,0.46,8.9,0
4383,5.7,0.26,0.24,17.8,0.059,23,124,0.99773,3.3,0.5,10.1,0
4384,5.7,0.26,0.24,17.8,0.059,23,124,0.99773,3.3,0.5,10.1,0
4385,6,0.2,0.26,6.8,0.049,22,93,0.9928,3.15,0.42,11,0
4386,6,0.2,0.26,6.8,0.049,22,93,0.9928,3.15,0.42,11,0
4387,6,0.2,0.26,6.8,0.049,22,93,0.9928,3.15,0.42,11,0
4388,6,0.2,0.26,6.8,0.049,22,93,0.9928,3.15,0.42,11,0
4389,7.6,0.28,0.17,1.6,0.046,28,117,0.99288,3.08,0.43,10,0
4390,7,0.2,0.33,4.7,0.03,25,76,0.99202,2.88,0.54,10.5,0
4391,6.6,0.26,0.27,11.8,0.048,28,112,0.99606,2.87,0.49,9.7,0
4392,5.7,0.26,0.24,17.8,0.059,23,124,0.99773,3.3,0.5,10.1,0
4393,7.2,0.21,0.36,15.7,0.045,68,183,0.99922,3.25,0.76,9.4,0
4394,6.9,0.22,0.32,5.8,0.041,20,119,0.99296,3.17,0.55,11.2,0
4395,7.2,0.21,0.36,15.7,0.045,68,183,0.99922,3.25,0.76,9.4,0
4396,7.4,0.22,0.28,9,0.046,22,121,0.99468,3.1,0.55,10.8,0
4397,7.2,0.21,0.36,15.7,0.045,68,183,0.99922,3.25,0.76,9.4,0
4398,6.9,0.22,0.32,5.8,0.041,20,119,0.99296,3.17,0.55,11.2,0
4399,7,0.2,0.35,8.8,0.037,31,103,0.99388,3.13,0.49,11,0
4400,5.6,0.26,0,10.2,0.038,13,111,0.99315,3.44,0.46,12.4,0
4401,6.3,0.28,0.3,6.6,0.208,60,154,0.99478,3.1,0.4,9.4,0
4402,6.4,0.29,0.3,6.5,0.209,62,156,0.99478,3.1,0.4,9.4,0
4403,7.2,0.34,0.23,8.9,0.105,22,155,0.99692,3.01,0.58,9.5,0
4404,7.1,0.39,0.39,11.1,0.034,25,204,0.99616,3.05,0.52,10,0
4405,6.9,0.26,0.29,4.2,0.043,33,114,0.9902,3.16,0.31,12.5,0
4406,6.1,0.24,0.25,1.6,0.044,24,115,0.9921,3.39,0.59,10.9,0
4407,5.9,0.25,0.24,7.4,0.044,21,113,0.99462,3.38,0.58,10.5,0
4408,6.1,0.24,0.27,11.5,0.05,51,133,0.99476,3.22,0.37,10.8,0
4409,6.2,0.26,0.29,2,0.036,16,87,0.99081,3.33,0.61,11.8,0
4410,6.6,0.34,0.25,4.8,0.038,16,121,0.99198,3.36,0.71,12.6,0
4411,5.6,0.225,0.24,9.8,0.054,59,140,0.99545,3.17,0.39,10.2,0
4412,7.1,0.23,0.28,1.9,0.046,33,103,0.98997,3.12,0.31,12,0
4413,6.9,0.26,0.29,4.2,0.043,33,114,0.9902,3.16,0.31,12.5,0
4414,6.4,0.27,0.3,1.6,0.04,19,86,0.99089,3.32,0.65,11.5,0
4415,7.2,0.585,0.2,10.4,0.086,17,94,0.99681,3.13,0.4,9.4,0
4416,6.4,0.26,0.35,7.7,0.056,45,191,0.99527,3.16,0.5,9.5,0
4417,6.3,0.28,0.22,11.5,0.036,27,150,0.99445,3,0.33,10.6,0
4418,8.4,0.27,0.3,2.2,0.037,36,129,0.99085,2.89,0.3,11.46666667,0
4419,5.9,0.2,0.28,1,0.043,45,100,0.99033,3.4,0.41,11.4,0
4420,6.4,0.24,0.26,8.2,0.054,47,182,0.99538,3.12,0.5,9.5,0
4421,7.4,0.38,0.34,8.3,0.052,44,168,0.99627,3.11,0.52,9.2,0
4422,6.4,0.24,0.26,8.2,0.054,47,182,0.99538,3.12,0.5,9.5,0
4423,6.4,0.42,0.19,9.3,0.043,28,145,0.99433,3.23,0.53,10.98,0
4424,6.4,0.23,0.26,8.1,0.054,47,181,0.9954,3.12,0.49,9.4,0
4425,6.4,0.24,0.26,8.2,0.054,47,182,0.99538,3.12,0.5,9.5,0
4426,7.4,0.38,0.34,8.3,0.052,44,168,0.99627,3.11,0.52,9.2,0
4427,7.4,0.27,0.52,15.7,0.054,36,139,0.99788,3.04,0.62,10.03333333,0
4428,5.7,0.28,0.35,1.2,0.052,39,141,0.99108,3.44,0.69,11.3,0
4429,5.8,0.22,0.25,1.5,0.024,21,109,0.99234,3.37,0.58,10.4,0
4430,6.7,0.27,0.69,1.2,0.176,36,106,0.99288,2.96,0.43,9.2,0
4431,7.1,0.2,0.35,3.2,0.034,21,107,0.99195,3.11,0.54,11.1,0
4432,6.7,0.27,0.69,1.2,0.176,36,106,0.99288,2.96,0.43,9.2,0
4433,7.6,0.31,0.52,13.2,0.042,61,148,0.99839,2.98,0.47,9.1,0
4434,7.2,0.34,0.28,10.4,0.108,43,187,0.99738,2.96,0.57,9.4,0
4435,7,0.36,0.25,5.7,0.015,14,73,0.98963,2.82,0.59,13.2,0
4436,6.4,0.31,0.28,2.5,0.039,34,137,0.98946,3.22,0.38,12.7,0
4437,7.3,0.28,0.35,1.6,0.054,31,148,0.99178,3.18,0.47,10.7,0
4438,7.4,0.16,0.3,1.4,0.064,34,166,0.99136,3.11,0.42,11.43333333,0
4439,6.4,0.31,0.27,7.4,0.049,48,169,0.99323,3.27,0.45,11.1,0
4440,6.4,0.31,0.28,2.5,0.039,34,137,0.98946,3.22,0.38,12.7,0
4441,6.2,0.29,0.29,5.6,0.046,35,178,0.99313,3.25,0.51,10.53333333,0
4442,5.9,0.28,0.34,3.6,0.04,50,194,0.9912,3.31,0.52,11.6,0
4443,6.5,0.23,0.2,7.5,0.05,44,179,0.99504,3.18,0.48,9.533333333,0
4444,7.2,0.34,0.2,5.8,0.062,52,203,0.99461,3.17,0.44,9.8,0
4445,7.3,0.28,0.35,1.6,0.054,31,148,0.99178,3.18,0.47,10.7,0
4446,6.5,0.2,0.33,1.5,0.039,36,110,0.99008,3.22,0.65,12,0
4447,6.2,0.24,0.27,2.9,0.039,30,123,0.98959,3.12,0.37,12.8,0
4448,7.1,0.31,0.25,11.2,0.048,32,136,0.99663,3.14,0.4,9.5,0
4449,6.4,0.29,0.21,9.65,0.041,36,119,0.99334,2.99,0.34,10.93333333,0
4450,6.3,0.19,0.33,10.1,0.063,63,133,0.99561,2.86,0.41,9.1,0
4451,5.9,0.29,0.28,3.2,0.035,16,117,0.98959,3.26,0.42,12.6,0
4452,7.1,0.31,0.25,11.2,0.048,32,136,0.99663,3.14,0.4,9.5,0
4453,6.5,0.3,0.28,11.45,0.041,29,109,0.99418,2.98,0.3,10.9,0
4454,6.4,0.29,0.21,9.65,0.041,36,119,0.99334,2.99,0.34,10.93333333,0
4455,6.5,0.22,0.19,4.5,0.096,16,115,0.9937,3.02,0.44,9.6,0
4456,7,0.23,0.28,2.7,0.053,16,92,0.99372,3.18,0.56,9.3,0
4457,7.1,0.23,0.23,3.5,0.038,23,112,0.99157,3.05,0.37,11.36666667,0
4458,6.1,0.26,0.28,1.7,0.043,24,98,0.98918,3.14,0.44,12.5,0
4459,6.4,0.35,0.21,2.1,0.051,46,171,0.9932,3.16,0.5,9.5,0
4460,6,0.32,0.32,4.8,0.041,40,186,0.99235,3.22,0.54,11,0
4461,6.1,0.34,0.21,5,0.042,17,133,0.99373,3.02,0.53,9.4,0
4462,6.5,0.13,0.27,2.6,0.035,32,76,0.9914,3.21,0.76,11.33333333,0
4463,6.5,0.315,0.2,6.6,0.041,9,126,0.99494,2.94,0.51,8.8,0
4464,6.1,0.34,0.21,5,0.042,17,133,0.99373,3.02,0.53,9.4,0
4465,5.7,0.31,0.29,7.3,0.05,33,143,0.99332,3.31,0.5,11.06666667,0
4466,6.4,0.3,0.27,5,0.058,27,151,0.99198,3.22,0.49,12.2,0
4467,7,0.24,0.26,1.7,0.041,31,110,0.99142,3.2,0.53,11,0
4468,6.5,0.13,0.27,2.6,0.035,32,76,0.9914,3.21,0.76,11.33333333,0
4469,6.4,0.26,0.21,8.2,0.05,51,182,0.99542,3.23,0.48,9.5,0
4470,6.4,0.26,0.21,8.2,0.05,51,182,0.99542,3.23,0.48,9.5,0
4471,6,0.27,0.31,5,0.043,54,170,0.9924,3.28,0.52,11,0
4472,7.1,0.21,0.33,1.2,0.039,34,97,0.99112,3.11,0.75,11.2,0
4473,6.7,0.26,0.29,7.1,0.036,28,100,0.99534,3.08,0.36,9.3,0
4474,6.3,0.28,0.22,9.5,0.04,30,111,0.99338,3.05,0.31,10.8,0
4475,6.2,0.25,0.44,15.8,0.057,39,167,0.99804,3.14,0.51,9.2,0
4476,7.3,0.22,0.37,15.5,0.048,70,203,0.99899,3.25,0.77,9.4,0
4477,6.2,0.25,0.44,15.8,0.057,39,167,0.99804,3.14,0.51,9.2,0
4478,6.4,0.18,0.28,17.05,0.047,53,139,0.99724,3.25,0.35,10.5,0
4479,6.3,0.2,0.26,12.7,0.046,60,143,0.99526,3.26,0.35,10.8,0
4480,6.6,0.24,0.22,12.3,0.051,35,146,0.99676,3.1,0.67,9.4,0
4481,7.4,0.27,0.26,11.8,0.053,55,173,0.99699,3.11,0.6,9.8,0
4482,7.4,0.27,0.26,11.8,0.053,55,173,0.99699,3.11,0.6,9.8,0
4483,7.4,0.27,0.26,11.8,0.053,55,173,0.99699,3.11,0.6,9.8,0
4484,6.6,0.24,0.22,12.3,0.051,35,146,0.99676,3.1,0.67,9.4,0
4485,7.4,0.27,0.26,11.8,0.053,55,173,0.99699,3.11,0.6,9.8,0
4486,7.1,0.38,0.29,13.6,0.041,30,137,0.99461,3.02,0.96,12.1,0
4487,6.8,0.43,0.26,5.2,0.043,40,176,0.99116,3.17,0.41,12.3,0
4488,5.2,0.22,0.46,6.2,0.066,41,187,0.99362,3.19,0.42,9.733333333,0
4489,5.9,0.29,0.16,7.9,0.044,48,197,0.99512,3.21,0.36,9.4,0
4490,5.9,0.29,0.16,7.9,0.044,48,197,0.99512,3.21,0.36,9.4,0
4491,6.3,0.19,0.32,2.8,0.046,18,80,0.99043,2.92,0.47,11.05,0
4492,5.7,0.29,0.16,7.9,0.044,48,197,0.99512,3.21,0.36,9.4,0
4493,5.7,0.24,0.47,6.3,0.069,35,182,0.99391,3.11,0.46,9.733333333,0
4494,6.3,0.305,0.22,16,0.061,26,141,0.99824,3.08,0.5,9.1,0
4495,5.7,0.24,0.47,6.3,0.069,35,182,0.99391,3.11,0.46,9.75,0
4496,6.2,0.22,0.28,2.2,0.04,24,125,0.9917,3.19,0.48,10.5,0
4497,6.6,0.22,0.23,17.3,0.047,37,118,0.99906,3.08,0.46,8.8,0
4498,6.6,0.22,0.23,17.3,0.047,37,118,0.99906,3.08,0.46,8.8,0
4499,6.6,0.22,0.23,17.3,0.047,37,118,0.99906,3.08,0.46,8.8,0
4500,6.6,0.22,0.23,17.3,0.047,37,118,0.99906,3.08,0.46,8.8,0
4501,6.2,0.22,0.28,2.2,0.04,24,125,0.9917,3.19,0.48,10.5,0
4502,6.2,0.22,0.28,2.2,0.04,24,125,0.9917,3.19,0.48,10.5,0
4503,6.6,0.22,0.23,17.3,0.047,37,118,0.99906,3.08,0.46,8.8,0
4504,6.1,0.22,0.5,6.6,0.045,30,122,0.99415,3.22,0.49,9.9,0
4505,6.2,0.21,0.52,6.5,0.047,28,123,0.99418,3.22,0.49,9.9,0
4506,6.3,0.32,0.26,12.3,0.044,24,205,0.99611,3.11,0.58,9.9,0
4507,6.9,0.44,0.27,5,0.038,33,166,0.99124,3.2,0.42,12.2,0
4508,6.1,0.31,0.34,2.8,0.042,59.5,162,0.99179,3.27,0.47,10.8,0
4509,8.1,0.36,0.59,13.6,0.051,60,134,0.99886,2.96,0.39,8.7,0
4510,6.6,0.38,0.28,2.8,0.043,17,67,0.98924,3.21,0.47,13.2,0
4511,6.7,0.24,0.26,5.4,0.03,15,94,0.99045,3.15,0.38,12.7,0
4512,6.9,0.56,0.26,10.9,0.06,55,193,0.9969,3.21,0.44,9.4,0
4513,7.2,0.24,0.24,1.7,0.045,18,161,0.99196,3.25,0.53,11.2,0
4514,6.5,0.29,0.3,9.15,0.051,25,166,0.99339,3.24,0.56,11.33333333,0
4515,6.7,0.28,0.28,4.5,0.051,14,92,0.99224,3.36,0.58,11.9,0
4516,6.5,0.29,0.3,9.15,0.051,25,166,0.99339,3.24,0.56,11.35,0
4517,6.1,0.21,0.19,1.4,0.046,51,131,0.99184,3.22,0.39,10.5,0
4518,7.2,0.47,0.16,5.9,0.048,14,125,0.99428,3.09,0.49,9.8,0
4519,6.7,0.34,0.31,16.4,0.051,20,146,0.99834,3.06,0.54,9.1,0
4520,6.6,0.27,0.25,1.2,0.033,36,111,0.98918,3.16,0.37,12.4,0
4521,6.7,0.34,0.31,16.4,0.051,20,146,0.99834,3.06,0.54,9.1,0
4522,7.2,0.47,0.16,5.9,0.048,14,125,0.99428,3.09,0.49,9.8,0
4523,5,0.35,0.25,7.8,0.031,24,116,0.99241,3.39,0.4,11.3,0
4524,5,0.35,0.25,7.8,0.031,24,116,0.99241,3.39,0.4,11.3,0
4525,4.4,0.46,0.1,2.8,0.024,31,111,0.98816,3.48,0.34,13.1,0
4526,6.6,0.38,0.29,2.9,0.035,15,101,0.98916,3.04,0.37,12.5,0
4527,7.3,0.3,0.25,2.5,0.045,32,122,0.99329,3.18,0.54,10.3,0
4528,6.4,0.28,0.22,12.8,0.039,51,150,0.99535,3.23,0.43,10.7,0
4529,6.9,0.29,0.25,12.2,0.04,29,136,0.99552,3.05,0.65,10.4,0
4530,6.3,0.3,0.19,7.7,0.049,47,184,0.99514,3.22,0.48,9.5,0
4531,6.3,0.39,0.22,2.8,0.048,53,173,0.99304,3.24,0.45,9.8,0
4532,6.6,0.38,0.29,2.9,0.035,15,101,0.98916,3.04,0.37,12.5,0
4533,6.6,0.18,0.26,17.3,0.051,17,149,0.9984,3,0.43,9.4,0
4534,6,0.28,0.29,19.3,0.051,36,174,0.99911,3.14,0.5,9,0
4535,6,0.28,0.29,19.3,0.051,36,174,0.99911,3.14,0.5,9,0
4536,6,0.28,0.29,19.3,0.051,36,174,0.99911,3.14,0.5,9,0
4537,5.9,0.22,0.18,6.4,0.041,28,120,0.99403,3.27,0.5,9.9,0
4538,6.6,0.18,0.26,17.3,0.051,17,149,0.9984,3,0.43,9.4,0
4539,7.7,0.28,0.24,2.4,0.044,29,157,0.99312,3.27,0.56,10.6,0
4540,7.1,0.42,0.2,2.8,0.038,28,109,0.98968,3.23,0.47,13.4,0
4541,6.7,0.32,0.32,1.7,0.031,31,114,0.98946,3.12,0.35,12.5,0
4542,6.6,0.26,0.56,15.4,0.053,32,141,0.9981,3.11,0.49,9.3,0
4543,6.6,0.26,0.56,15.4,0.053,32,141,0.9981,3.11,0.49,9.3,0
4544,6.2,0.32,0.24,4.1,0.051,34,149,0.99306,3.36,0.52,11,0
4545,6.3,0.25,0.27,6.6,0.054,40,158,0.99378,3.2,0.48,10.3,0
4546,6.2,0.21,0.24,1.2,0.051,31,95,0.99036,3.24,0.57,11.3,0
4547,6.4,0.23,0.27,2.1,0.042,35,100,0.99094,3.03,0.63,10.9,0
4548,4.7,0.145,0.29,1,0.042,35,90,0.9908,3.76,0.49,11.3,0
4549,6.2,0.2,0.28,1.1,0.039,24,78,0.9899,3.36,0.47,12.1,0
4550,7,0.28,0.28,1.4,0.039,12,83,0.99173,3.18,0.65,11.1,0
4551,7.1,0.36,0.2,1.6,0.271,24,140,0.99356,3.11,0.63,9.8,0
4552,5.7,0.25,0.22,9.8,0.049,50,125,0.99571,3.2,0.45,10.1,0
4553,5.7,0.22,0.33,1.9,0.036,37,110,0.98945,3.26,0.58,12.4,0
4554,6,0.2,0.38,1.3,0.034,37,104,0.98865,3.11,0.52,12.7,0
4555,6.4,0.32,0.26,7.9,0.05,53,180,0.99514,3.14,0.5,9.6,0
4556,6.4,0.32,0.26,7.9,0.05,53,180,0.99514,3.14,0.5,9.6,0
4557,6,0.555,0.26,4.5,0.053,17,126,0.9943,3.24,0.46,9.1,0
4558,5.9,0.22,0.45,22.6,0.12,55,122,0.99636,3.1,0.35,12.8,0
4559,6.4,0.32,0.26,7.9,0.05,53,180,0.99514,3.14,0.5,9.6,0
4560,6.2,0.3,0.33,3.5,0.037,37,155,0.98987,3.18,0.37,12.4,0
4561,5.8,0.28,0.18,1.2,0.058,7,108,0.99288,3.23,0.58,9.55,0
4562,5.8,0.555,0.26,4.5,0.053,17,126,0.9943,3.24,0.46,9.1,0
4563,6.7,0.31,0.33,2,0.033,12,74,0.99064,3.29,0.65,12.5,0
4564,6.4,0.15,0.25,7.8,0.05,13,68,0.99394,3.16,0.4,9.9,0
4565,6.4,0.13,0.28,0.9,0.045,32,87,0.99175,3.47,0.52,11.2,0
4566,6.7,0.48,0.49,2.9,0.03,28,122,0.98926,3.13,0.4,13,0
4567,6.7,0.48,0.49,2.9,0.03,28,122,0.98926,3.13,0.4,13,0
4568,5.8,0.3,0.33,3.5,0.033,25,116,0.99057,3.2,0.44,11.7,0
4569,6.1,0.28,0.23,4.2,0.038,13,95,0.98898,2.97,0.7,13.1,0
4570,6,0.19,0.37,9.7,0.032,17,50,0.9932,3.08,0.66,12,0
4571,6.8,0.31,0.25,10.5,0.043,30,165,0.9972,3.36,0.55,10.55,0
4572,7.5,0.24,0.29,1.1,0.046,34,84,0.9902,3.04,0.39,11.45,0
4573,6.8,0.23,0.39,16.1,0.053,71,194,0.9988,3.18,0.64,10.2,0
4574,7.5,0.24,0.29,1.1,0.046,34,84,0.9902,3.04,0.39,11.45,0
4575,6.3,0.29,0.3,8.1,0.212,60,150,0.9958,3.1,0.4,9.3,0
4576,6.8,0.2,0.25,6.2,0.052,22,106,0.9935,3.09,0.54,10.8,0
4577,5.2,0.38,0.26,7.7,0.053,20,103,0.9925,3.27,0.45,12.2,0
4578,7.8,0.27,0.33,2.4,0.053,36,175,0.992,3.2,0.55,11,0
4579,6.6,0.54,0.21,16.3,0.055,41,182,0.9986,3.35,0.54,10.4,0
4580,7.1,0.25,0.31,2.3,0.05,32,156,0.9914,3.14,0.51,11.4,0
4581,6.5,0.32,0.23,8.5,0.051,20,138,0.9943,3.03,0.42,10.7,0
4582,6.4,0.28,0.23,6,0.051,50,162,0.994,3.15,0.52,10.2,0
4583,6.6,0.19,0.28,1.1,0.044,38,100,0.9904,3.22,0.69,11.2,0
4584,5.1,0.305,0.13,1.75,0.036,17,73,0.99,3.4,0.51,12.33333333,0
4585,5.8,0.26,0.3,2.6,0.034,75,129,0.9902,3.2,0.38,11.5,0
4586,6.7,0.23,0.17,1.3,0.061,14,100,0.9925,3.07,0.55,9.5,0
4587,6.8,0.33,0.3,2.1,0.047,35,147,0.9886,3.24,0.56,13.4,0
4588,6.1,0.27,0.32,1.1,0.034,24,110,0.9898,3.36,0.4,12.5,0
4589,6.1,0.27,0.32,1.1,0.034,24,110,0.9898,3.36,0.4,12.5,0
4590,6.8,0.4,0.29,2.8,0.044,27,97,0.9904,3.12,0.42,11.2,0
4591,6.1,0.4,0.18,9,0.051,28.5,259,0.9964,3.19,0.5,8.8,0
4592,7.1,0.28,0.26,2.8,0.039,50,118,0.9908,3.06,0.59,11.2,0
4593,6.2,0.32,0.32,2.2,0.036,15,70,0.9899,3.16,0.48,12.7,0
4594,6.8,0.17,0.17,5.1,0.049,26,82,0.993,3,0.38,9.8,0
4595,9,0.2,0.33,3.5,0.049,10,40,0.9944,3.14,0.36,9.8,0
4596,5.8,0.13,0.22,12.7,0.058,24,183,0.9956,3.32,0.42,11.7,0
4597,5.8,0.31,0.31,7.5,0.052,55,230,0.9949,3.19,0.46,9.8,0
4598,6.3,0.36,0.2,2,0.048,48,191,0.9929,3.17,0.51,9.6,0
4599,9,0.2,0.33,3.5,0.049,10,40,0.9944,3.14,0.36,9.8,0
4600,6.7,0.18,0.25,14.3,0.048,79,149,0.9975,3.12,0.37,9.7,0
4601,6.6,0.16,0.25,9.8,0.049,59.5,137,0.995,3.16,0.38,10,0
4602,5.8,0.13,0.22,12.7,0.058,24,183,0.9956,3.32,0.42,11.7,0
4603,5.8,0.27,0.22,12.7,0.058,42,206,0.9946,3.32,0.38,12.3,0
4604,6.8,0.17,0.17,5.1,0.049,26,82,0.993,3,0.38,9.8,0
4605,6.4,0.37,0.19,3.5,0.068,18,101,0.9934,3.03,0.38,9,0
4606,7.3,0.26,0.53,12.7,0.047,60.5,164.5,0.9984,3.06,0.45,9.1,0
4607,7.3,0.28,0.54,12.9,0.049,62,162.5,0.9984,3.06,0.45,9.1,0
4608,7.3,0.28,0.54,12.9,0.049,62,162.5,0.9984,3.06,0.45,9.1,0
4609,5.8,0.12,0.21,1.3,0.056,35,121,0.9908,3.32,0.33,11.4,0
4610,6.1,0.25,0.18,10.5,0.049,41,124,0.9963,3.14,0.35,10.5,0
4611,6.4,0.24,0.27,1.5,0.04,35,105,0.98914,3.13,0.3,12.4,0
4612,7.3,0.26,0.53,12.7,0.047,60.5,156,0.9984,3.06,0.45,9.1,0
4613,7.3,0.28,0.54,12.9,0.049,62,152,0.9984,3.06,0.45,9.1,0
4614,8.3,0.18,0.37,1.2,0.049,6,94,0.9937,3.18,0.52,10.1,0
4615,7.1,0.09,0.3,6.2,0.032,24,134,0.993,2.99,0.39,10.9,0
4616,8.3,0.14,0.36,8.8,0.026,13,60,0.9956,3.13,0.35,11.05,0
4617,5.8,0.28,0.3,3.9,0.026,36,105,0.98963,3.26,0.58,12.75,0
4618,6,0.23,0.34,1.3,0.025,23,111,0.98961,3.36,0.37,12.7,0
4619,6.9,0.28,0.37,9.1,0.037,16,76,0.9948,3.05,0.54,11.1,0
4620,6.9,0.28,0.37,9.1,0.037,16,76,0.9948,3.05,0.54,11.1,0
4621,5.8,0.28,0.3,3.9,0.026,36,105,0.98963,3.26,0.58,12.75,0
4622,6.3,0.25,0.53,1.8,0.021,41,101,0.989315,3.19,0.31,13,0
4623,6.5,0.2,0.31,2.1,0.033,32,95,0.989435,2.96,0.61,12,0
4624,5.9,0.29,0.32,1.4,0.022,17,47,0.9899,3.35,0.35,11.5,0
4625,6.4,0.46,0.22,14.7,0.047,51,183,0.998275,3.39,0.6,10.5,0
4626,6.9,0.28,0.37,9.1,0.037,16,76,0.9948,3.05,0.54,11.1,0
4627,6.8,0.23,0.33,1.9,0.047,20,101,0.9914,3.1,0.46,11.1,0
4628,7,0.23,0.32,1.8,0.048,25,113,0.9915,3.11,0.47,11.1,0
4629,6.4,0.55,0.26,9.6,0.027,20,104,0.9924,3.22,0.73,13.1,0
4630,5.7,0.28,0.3,3.9,0.026,36,105,0.98963,3.26,0.58,12.75,0
4631,6,0.23,0.34,1.3,0.025,23,111,0.98961,3.36,0.37,12.7,0
4632,6.8,0.45,0.3,11.8,0.094,23,97,0.997,3.09,0.44,9.6,0
4633,6.1,0.2,0.4,1.9,0.028,32,138,0.9914,3.26,0.72,11.7,0
4634,6.1,0.37,0.46,12,0.042,61,210,0.997,3.17,0.59,9.7,0
4635,5.9,0.21,0.23,7.9,0.033,22,130,0.9944,3.38,0.59,10.9,0
4636,5.4,0.27,0.22,4.6,0.022,29,107,0.98889,3.33,0.54,13.8,0
4637,6,0.26,0.26,2.2,0.035,10,72,0.989465,3.11,0.48,12.15,0
4638,5.8,0.28,0.66,9.1,0.039,26,159,0.9965,3.66,0.55,10.8,0
4639,8.6,0.36,0.26,11.1,0.03,43.5,171,0.9948,3.03,0.49,12,0
4640,5.8,0.28,0.66,9.1,0.039,26,159,0.9965,3.66,0.55,10.8,0
4641,6.4,0.3,0.27,4.4,0.055,17,135,0.9925,3.23,0.44,12.2,0
4642,6.2,0.2,0.32,2.8,0.05,17,126,0.9936,3.18,0.55,9.4,0
4643,5.8,0.29,0.15,1.1,0.029,12,83,0.9898,3.3,0.4,11.4,0
4644,6.8,0.32,0.23,3.3,0.026,31,99,0.9896,3.1,0.4,12.4,0
4645,5.9,0.3,0.29,1.1,0.036,23,56,0.9904,3.19,0.38,11.3,0
4646,6.3,0.15,0.34,11.4,0.05,25,96,0.99754,3.21,0.49,10,0
4647,6,0.2,0.26,14.7,0.045,53,125,0.998365,2.99,0.69,9.4,0
4648,5.7,0.2,0.24,13.8,0.047,44,112,0.99837,2.97,0.66,8.8,0
4649,6,0.27,0.26,1.3,0.038,32,138,0.99125,3.46,0.43,11.1,0
4650,6.3,0.37,0.51,6.3,0.048,35,146,0.9943,3.1,1.01,10.5,0
4651,6.4,0.23,0.37,7.9,0.05,60,150,0.99488,2.86,0.49,9.3,0
4652,5.9,0.34,0.25,2,0.042,12,110,0.99034,3.02,0.54,11.4,0
4653,5,0.33,0.23,11.8,0.03,23,158,0.99322,3.41,0.64,11.8,0
4654,5.4,0.29,0.38,1.2,0.029,31,132,0.98895,3.28,0.36,12.4,0
4655,8,0.33,0.35,10,0.035,22,108,0.99457,3.12,0.36,11.6,0
4656,6.4,0.3,0.33,5.2,0.05,30,137,0.99304,3.26,0.58,11.1,0
4657,5.4,0.29,0.38,1.2,0.029,31,132,0.98895,3.28,0.36,12.4,0
4658,6.4,0.33,0.3,7.2,0.041,42,168,0.99331,3.22,0.49,11.1,0
4659,7,0.33,0.78,9.9,0.042,21,251,0.99435,3.01,0.55,11,0
4660,6.7,0.45,0.3,5.3,0.036,27,165,0.99122,3.12,0.46,12.2,0
4661,6.5,0.36,0.31,13.55,0.053,20,113,0.99544,3.2,0.56,11,0
4662,5.8,0.42,0.3,2.2,0.035,26,129,0.989,3.32,0.47,12.9,0
4663,7.1,0.39,0.3,9.9,0.037,29,124,0.99414,3.07,0.42,10.9,0
4664,6.7,0.53,0.29,4.3,0.069,20,114,0.99014,3.22,0.59,13.4,0
4665,6.7,0.66,0,13,0.033,32,75,0.99551,3.15,0.5,10.7,0
4666,6.5,0.36,0.31,13.55,0.053,20,113,0.99544,3.2,0.56,11,0
4667,8.3,0.22,0.34,1.1,0.043,20,116,0.9927,3,0.47,10.2,0
4668,6.9,0.23,0.35,6.9,0.03,45,116,0.99244,2.8,0.54,11,0
4669,6.4,0.17,0.34,13.4,0.044,45,139,0.99752,3.06,0.43,9.1,0
4670,5,0.33,0.18,4.6,0.032,40,124,0.99114,3.18,0.4,11,0
4671,6.8,0.38,0.29,9.9,0.037,40,146,0.99326,3.11,0.37,11.5,0
4672,6.5,0.29,0.32,3,0.036,38,93,0.9906,3.16,0.59,12,0
4673,6.9,0.29,0.32,5.8,0.04,16,112,0.993,3.04,0.58,11.2,0
4674,6.6,0.28,0.3,12.9,0.033,31,177,0.99479,3.12,0.39,11.2,0
4675,6,0.615,0.04,0.8,0.032,8,50,0.99036,3.14,0.4,11,0
4676,5.9,0.44,0.36,2.5,0.03,12,73,0.99201,3.22,0.48,10.8,0
4677,5.9,0.42,0.36,2.4,0.034,19,77,0.99184,3.25,0.48,10.9,0
4678,5.8,0.34,0.21,7.2,0.041,48,146,0.99441,3.16,0.49,9.8,0
4679,5.8,0.27,0.2,7.3,0.04,42,145,0.99442,3.15,0.48,9.8,0
4680,7.1,0.33,0.18,6.3,0.094,27,166,0.99474,2.9,0.49,9.5,0
4681,7.3,0.28,0.37,1.2,0.039,26,99,0.99198,3.01,0.62,10.8,0
4682,6.4,0.62,0.12,4.7,0.06,33,196,0.99556,3.22,0.48,8.9,0
4683,6.4,0.38,0.19,4.5,0.038,36,119,0.99151,3.07,0.42,11.2,0
4684,6.6,0.4,0.3,5.3,0.038,20,125,0.99204,3.36,0.73,12.6,0
4685,6.4,0.4,0.25,4.2,0.032,15,91,0.98988,3.26,0.52,13.1,0
4686,8.3,0.49,0.23,6.65,0.034,6,158,0.99344,3.05,0.48,11.2,0
4687,6.3,0.3,0.91,8.2,0.034,50,199,0.99394,3.39,0.49,11.7,0
4688,6.1,0.19,0.37,2.6,0.041,24,99,0.99153,3.18,0.5,10.9,0
4689,6.1,0.19,0.37,2.6,0.041,24,99,0.99153,3.18,0.5,10.9,0
4690,6.3,0.3,0.91,8.2,0.034,50,199,0.99394,3.39,0.49,11.7,0
4691,6.2,0.28,0.41,5,0.043,50,188,0.99318,3.23,0.64,10.8,0
4692,5.8,0.29,0.38,10.7,0.038,49,136,0.99366,3.11,0.59,11.2,0
4693,5.8,0.345,0.15,10.8,0.033,26,120,0.99494,3.25,0.49,10,0
4694,6.5,0.51,0.25,1.7,0.048,39,177,0.99212,3.28,0.57,10.56666667,0
4695,6,0.24,0.41,1.3,0.036,42,118,0.99018,3.04,0.64,11.73333333,0
4696,6.5,0.51,0.25,1.7,0.048,39,177,0.99212,3.28,0.57,10.6,0
4697,6.9,0.54,0.26,12.7,0.049,59,195,0.99596,3.26,0.54,10.5,0
4698,6,0.24,0.41,1.3,0.036,42,118,0.99018,3.04,0.64,11.75,0
4699,6.6,0.26,0.36,1.2,0.035,43,126,0.99094,3.01,0.63,11.4,0
4700,6.5,0.21,0.35,5.7,0.043,47,197,0.99392,3.24,0.5,10.1,0
4701,6.8,0.29,0.22,3.4,0.035,40,122,0.99024,3.09,0.47,12.3,0
4702,6.7,0.61,0.21,1.65,0.117,40,240,0.9938,3.11,0.57,9.3,0
4703,5.7,0.695,0.06,6.8,0.042,9,84,0.99432,3.44,0.44,10.2,0
4704,5.6,0.695,0.06,6.8,0.042,9,84,0.99432,3.44,0.44,10.2,0
4705,6.1,0.38,0.47,1.4,0.051,59,210,0.99309,3.24,0.5,9.6,0
4706,7.1,0.43,0.25,2.8,0.036,43,132,0.98975,3.21,0.47,13.4,0
4707,6.6,0.25,0.25,1.3,0.04,28,85,0.98984,2.87,0.48,11.2,0
4708,6.6,0.33,0.41,2,0.027,14,79,0.99063,3.27,0.63,12.4,0
4709,8,0.23,0.41,1.1,0.048,35,150,0.99168,3.09,0.47,11.2,0
4710,7.3,0.17,0.36,8.2,0.028,44,111,0.99272,3.14,0.41,12.4,0
4711,7.3,0.17,0.36,8.2,0.028,44,111,0.99272,3.14,0.41,12.4,0
4712,6.4,0.31,0.53,8.8,0.057,36,221,0.99642,3.17,0.44,9.1,0
4713,5.9,0.44,0.33,1.2,0.049,12,117,0.99134,3.46,0.44,11.5,0
4714,6.6,0.285,0.49,11.4,0.035,57,137,0.99732,3.08,0.54,8.9,0
4715,4.9,0.335,0.14,1.3,0.036,69,168,0.99212,3.47,0.46,10.46666667,0
4716,4.9,0.335,0.14,1.3,0.036,69,168,0.99212,3.47,0.46,10.46666667,0
4717,5.7,0.21,0.37,4.5,0.04,58,140,0.99332,3.29,0.62,10.6,0
4718,6.5,0.25,0.32,9.9,0.045,41,128,0.99636,3.18,0.52,9.6,0
4719,6.6,0.285,0.49,11.4,0.035,57,137,0.99732,3.08,0.54,8.9,0
4720,4.7,0.335,0.14,1.3,0.036,69,168,0.99212,3.47,0.46,10.5,0
4721,6.8,0.63,0.04,1.3,0.058,25,133,0.99271,3.17,0.39,10.2,0
4722,5.6,0.27,0.37,0.9,0.025,11,49,0.98845,3.29,0.33,13.1,0
4723,6.8,0.32,0.33,0.7,0.027,15,66,0.9899,3.11,0.31,11.8,0
4724,6.5,0.33,0.32,1,0.041,39,120,0.99004,3.06,0.37,12.2,0
4725,6,0.24,0.34,1,0.036,52,184,0.99097,3.44,0.44,11.45,0
4726,7.2,0.26,0.32,10.4,0.062,23,114,0.9966,3.23,0.49,10.5,0
4727,6.8,0.63,0.04,1.3,0.058,25,133,0.99271,3.17,0.39,10.2,0
4728,6.7,0.16,0.32,12.5,0.035,18,156,0.99666,2.88,0.36,9,0
4729,6.7,0.16,0.32,12.5,0.035,18,156,0.99666,2.88,0.36,9,0
4730,6.7,0.16,0.32,12.5,0.035,18,156,0.99666,2.88,0.36,9,0
4731,6.7,0.16,0.32,12.5,0.035,18,156,0.99666,2.88,0.36,9,0
4732,6,0.36,0.32,1.1,0.053,26,173,0.99414,3.38,0.54,8.8,0
4733,6.7,0.16,0.32,12.5,0.035,18,156,0.99666,2.88,0.36,9,0
4734,6.1,0.15,0.4,1.2,0.03,19,84,0.98926,3.19,0.96,13,0
4735,7,0.27,0.74,1.3,0.173,34,121,0.99334,3.04,0.46,9.2,0
4736,6.8,0.3,0.33,12.8,0.041,60,168,0.99659,3.1,0.56,9.8,0
4737,6.8,0.3,0.33,12.8,0.041,60,168,0.99659,3.1,0.56,9.8,0
4738,6.4,0.69,0.09,7.6,0.044,34,144,0.9948,3.26,0.38,10.1,0
4739,6.4,0.69,0.09,7.6,0.044,34,144,0.9948,3.26,0.38,10.1,0
4740,6.3,0.36,0.5,8.3,0.053,51,202,0.9955,3.2,0.51,9.6,0
4741,5.7,0.27,0.16,9,0.053,32,111,0.99474,3.36,0.37,10.4,0
4742,5.6,0.205,0.16,12.55,0.051,31,115,0.99564,3.4,0.38,10.8,0
4743,7.2,0.33,0.28,1.4,0.034,26,109,0.99246,3.28,0.57,10.6,0
4744,5.9,0.21,0.31,1.8,0.033,45,142,0.98984,3.35,0.5,12.7,0
4745,5.4,0.205,0.16,12.55,0.051,31,115,0.99564,3.4,0.38,10.8,0
4746,5.7,0.27,0.16,9,0.053,32,111,0.99474,3.36,0.37,10.4,0
4747,6.4,0.28,0.28,3,0.04,19,98,0.99216,3.25,0.47,11.1,0
4748,6.7,0.15,0.32,7.9,0.034,17,81,0.99512,3.29,0.31,10,0
4749,5.5,0.315,0.38,2.6,0.033,10,69,0.9909,3.12,0.59,10.8,0
4750,4.8,0.225,0.38,1.2,0.074,47,130,0.99132,3.31,0.4,10.3,0
4751,5.2,0.24,0.15,7.1,0.043,32,134,0.99378,3.24,0.48,9.9,0
4752,6.7,0.15,0.32,7.9,0.034,17,81,0.99512,3.29,0.31,10,0
4753,6.6,0.27,0.32,1.3,0.044,18,93,0.99044,3.11,0.56,12.25,0
4754,6.1,0.32,0.33,10.7,0.036,27,98,0.99521,3.34,0.52,10.2,0
4755,6,0.25,0.28,7.7,0.053,37,132,0.99489,3.06,0.5,9.4,0
4756,6.4,0.42,0.46,8.4,0.05,58,180,0.99495,3.18,0.46,9.7,0
4757,6.1,0.32,0.33,10.7,0.036,27,98,0.99521,3.34,0.52,10.2,0
4758,6.9,0.31,0.33,12.7,0.038,33,116,0.9954,3.04,0.65,10.4,0
4759,6.3,0.48,0.48,1.8,0.035,35,96,0.99121,3.49,0.74,12.2,0
4760,6,0.25,0.28,7.7,0.053,37,132,0.99489,3.06,0.5,9.4,0
4761,7.2,0.21,0.31,10.5,0.035,36,122,0.99478,3.12,0.4,10.6,0
4762,6.8,0.32,0.43,1.6,0.05,4,65,0.99346,3.27,0.47,10.7,0
4763,7.9,0.3,0.6,1.85,0.048,13,106,0.99331,3.24,0.49,11.85,0
4764,5.3,0.31,0.38,10.5,0.031,53,140,0.99321,3.34,0.46,11.7,0
4765,5.3,0.31,0.38,10.5,0.031,53,140,0.99321,3.34,0.46,11.7,0
4766,5.2,0.185,0.22,1,0.03,47,123,0.99218,3.55,0.44,10.15,0
4767,5.5,0.16,0.31,1.2,0.026,31,68,0.9898,3.33,0.44,11.63333333,0
4768,6,0.17,0.36,1.7,0.042,14,61,0.99144,3.22,0.54,10.8,0
4769,6,0.16,0.36,1.6,0.042,13,61,0.99143,3.22,0.54,10.8,0
4770,5.5,0.3,0.25,1.9,0.029,33,118,0.98972,3.36,0.66,12.5,0
4771,5.5,0.16,0.31,1.2,0.026,31,68,0.9898,3.33,0.44,11.65,0
4772,6,0.32,0.46,1.5,0.05,56,189,0.99308,3.24,0.49,9.6,0
4773,6.1,0.27,0.31,3.9,0.034,42,137,0.99218,3.24,0.46,10.9,0
4774,6,0.27,0.32,3.6,0.035,36,133,0.99215,3.23,0.46,10.8,0
4775,6,0.14,0.37,1.2,0.032,63,148,0.99185,3.32,0.44,11.2,0
4776,5,0.24,0.19,5,0.043,17,101,0.99438,3.67,0.57,10,0
4777,6.1,0.26,0.25,2.9,0.047,289,440,0.99314,3.44,0.64,10.5,0
4778,6.3,0.23,0.5,10.4,0.043,61,132,0.99542,2.86,0.46,9.1,0
4779,5.6,0.26,0.5,11.4,0.029,25,93,0.99428,3.23,0.49,10.5,0
4780,6.1,0.34,0.24,18.35,0.05,33,184,0.99943,3.12,0.61,9.3,0
4781,6.2,0.35,0.25,18.4,0.051,28,182,0.99946,3.13,0.62,9.3,0
4782,6,0.14,0.37,1.2,0.032,63,148,0.99185,3.32,0.44,11.2,0
4783,7.3,0.36,0.62,7.1,0.033,48,185,0.99472,3.14,0.62,10.6,0
4784,5.5,0.16,0.26,1.5,0.032,35,100,0.99076,3.43,0.77,12,0
4785,6.4,0.19,0.35,10.2,0.043,40,106,0.99632,3.16,0.5,9.7,0
4786,6.6,0.29,0.73,2.2,0.027,21,92,0.99,3.12,0.48,12.4,0
4787,6.5,0.2,0.35,3.9,0.04,27,140,0.99102,2.98,0.53,11.8,0
4788,6.6,0.17,0.26,7.4,0.052,45,128,0.99388,3.16,0.37,10,0
4789,6.6,0.17,0.26,7.4,0.052,45,128,0.99388,3.16,0.37,10,0
4790,6.2,0.15,0.27,11,0.035,46,116,0.99602,3.12,0.38,9.1,0
4791,5.9,0.26,0.29,5.4,0.046,34,116,0.99224,3.24,0.41,11.4,0
4792,6.8,0.27,0.3,13,0.047,69,160,0.99705,3.16,0.5,9.6,0
4793,6.8,0.27,0.3,13,0.047,69,160,0.99705,3.16,0.5,9.6,0
4794,6.8,0.27,0.3,13,0.047,69,160,0.99705,3.16,0.5,9.6,0
4795,6.8,0.27,0.3,13,0.047,69,160,0.99705,3.16,0.5,9.6,0
4796,6.4,0.28,0.45,8.6,0.057,47,223,0.99654,3.16,0.51,9.1,0
4797,7.1,0.24,0.34,1.2,0.045,6,132,0.99132,3.16,0.46,11.2,0
4798,5,0.27,0.4,1.2,0.076,42,124,0.99204,3.32,0.47,10.1,0
4799,5.8,0.27,0.4,1.2,0.076,47,130,0.99185,3.13,0.45,10.3,0
4800,5.9,0.27,0.32,2,0.034,31,102,0.98952,3.16,0.56,12.3,0
4801,5.8,0.315,0.19,19.4,0.031,28,106,0.99704,2.97,0.4,10.55,0
4802,6,0.59,0,0.8,0.037,30,95,0.99032,3.1,0.4,10.9,0
4803,5.8,0.3,0.09,6.3,0.042,36,138,0.99382,3.15,0.48,9.7,0
4804,5.6,0.3,0.1,6.4,0.043,34,142,0.99382,3.14,0.48,9.8,0
4805,6.7,0.3,0.5,12.1,0.045,38,127,0.9974,3.04,0.53,8.9,0
4806,6.7,0.3,0.5,12.1,0.045,38,127,0.9974,3.04,0.53,8.9,0
4807,6.4,0.31,0.31,12.9,0.045,55,161,0.99546,3.02,0.59,10.2,0
4808,6.4,0.31,0.31,12.9,0.045,55,161,0.99546,3.02,0.59,10.2,0
4809,5.5,0.62,0.33,1.7,0.037,24,118,0.98758,3.15,0.39,13.55,0
4810,6.2,0.3,0.42,2.2,0.036,28,128,0.9901,3.13,0.38,11.6,0
4811,6.7,0.3,0.5,12.1,0.045,38,127,0.9974,3.04,0.53,8.9,0
4812,4.7,0.785,0,3.4,0.036,23,134,0.98981,3.53,0.92,13.8,0
4813,6,0.31,0.32,7.4,0.175,47,159,0.9952,3.19,0.5,9.4,0
4814,6,0.32,0.3,7.3,0.174,46,159,0.99519,3.18,0.49,9.4,0
4815,5.7,0.33,0.32,1.4,0.043,28,93,0.9897,3.31,0.5,12.3,0
4816,5.9,0.32,0.19,14.5,0.042,37,115,0.99684,3.16,0.43,10.3,0
4817,6.2,0.26,0.2,8,0.047,35,111,0.99445,3.11,0.42,10.4,0
4818,6,0.35,0.46,0.9,0.033,9,65,0.98934,3.24,0.35,12.1,0
4819,5.1,0.26,0.34,6.4,0.034,26,99,0.99449,3.23,0.41,9.2,0
4820,6.6,0.28,0.09,10.9,0.051,37,131,0.99566,2.93,0.62,9.5,0
4821,6,0.17,0.3,7.3,0.039,39,104,0.99252,2.91,0.57,11,0
4822,7.3,0.35,0.67,8.3,0.053,10,100,0.9959,3.19,0.5,10.9,0
4823,6,0.26,0.24,1.3,0.053,66,150,0.9924,3.21,0.62,10.4,0
4824,5.4,0.375,0.4,3.3,0.054,29,147,0.99482,3.42,0.52,9.1,0
4825,7,0.17,0.42,1,0.075,19,71,0.99103,3.32,0.62,11.4,0
4826,5.8,0.36,0.5,1,0.127,63,178,0.99212,3.1,0.45,9.7,0
4827,5.7,0.4,0.35,5.1,0.026,17,113,0.99052,3.18,0.67,12.4,0
4828,6.1,0.41,0.2,12.6,0.032,54,136,0.99516,2.91,0.43,10.6,0
4829,5.8,0.385,0.25,3.7,0.031,38,122,0.99128,3.2,0.63,11.2,0
4830,6,0.27,0.4,1.7,0.021,18,82,0.9891,3.24,0.95,13.13333333,0
4831,5.7,0.4,0.35,5.1,0.026,17,113,0.99052,3.18,0.67,12.4,0
4832,5.8,0.36,0.5,1,0.127,63,178,0.99212,3.1,0.45,9.7,0
4833,7,0.24,0.47,1.3,0.043,18,131,0.99176,3.19,0.45,11,0
4834,6.8,0.23,0.48,1.5,0.036,35,165,0.99162,3.18,0.45,11.3,0
4835,6.4,0.23,0.35,10.3,0.042,54,140,0.9967,3.23,0.47,9.2,0
4836,6,0.34,0.29,6.1,0.046,29,134,0.99462,3.48,0.57,10.7,0
4837,6,0.34,0.29,6.1,0.046,29,134,0.99462,3.48,0.57,10.7,0
4838,6.7,0.22,0.33,1.2,0.036,36,86,0.99058,3.1,0.76,11.4,0
4839,6.4,0.23,0.35,10.3,0.042,54,140,0.9967,3.23,0.47,9.2,0
4840,5.8,0.29,0.27,1.6,0.062,17,140,0.99138,3.23,0.35,11.1,0
4841,5.8,0.38,0.26,1.1,0.058,20,140,0.99271,3.27,0.43,9.7,0
4842,5.9,0.32,0.26,1.5,0.057,17,141,0.9917,3.24,0.36,10.7,0
4843,5.6,0.33,0.28,1.2,0.031,33,97,0.99126,3.49,0.58,10.9,0
4844,5.6,0.295,0.26,1.1,0.035,40,102,0.99154,3.47,0.56,10.6,0
4845,6.7,0.5,0.36,11.5,0.096,18,92,0.99642,3.11,0.49,9.6,0
4846,6.5,0.28,0.38,7.8,0.031,54,216,0.99154,3.03,0.42,13.1,0
4847,5.3,0.275,0.24,7.4,0.038,28,114,0.99313,3.38,0.51,11,0
4848,5.2,0.405,0.15,1.45,0.038,10,44,0.99125,3.52,0.4,11.6,0
4849,5.7,0.22,0.25,1.1,0.05,97,175,0.99099,3.44,0.62,11.1,0
4850,6.2,0.28,0.57,1,0.043,50,92,0.99004,3.17,0.36,11.5,0
4851,5.6,0.34,0.25,2.5,0.046,47,182,0.99093,3.21,0.4,11.3,0
4852,4.8,0.29,0.23,1.1,0.044,38,180,0.98924,3.28,0.34,11.9,0
4853,6.6,0.38,0.29,2.4,0.136,15,93,0.99336,3.18,0.6,9.5,0
4854,5.1,0.3,0.3,2.3,0.048,40,150,0.98944,3.29,0.46,12.2,0
4855,7,0.36,0.35,2.5,0.048,67,161,0.99146,3.05,0.56,11.1,0
4856,6.4,0.33,0.44,8.9,0.055,52,164,0.99488,3.1,0.48,9.6,0
4857,7,0.36,0.35,2.5,0.048,67,161,0.99146,3.05,0.56,11.1,0
4858,6.4,0.33,0.44,8.9,0.055,52,164,0.99488,3.1,0.48,9.6,0
4859,6.2,0.23,0.38,1.6,0.044,12,113,0.99176,3.3,0.73,11.4,0
4860,5.2,0.25,0.23,1.4,0.047,20,77,0.99001,3.32,0.62,11.4,0
4861,6.2,0.35,0.29,3.9,0.041,22,79,0.99005,3.1,0.59,12.06666667,0
4862,7.1,0.23,0.39,13.7,0.058,26,172,0.99755,2.9,0.46,9,0
4863,7.1,0.23,0.39,13.7,0.058,26,172,0.99755,2.9,0.46,9,0
4864,7.5,0.38,0.33,9.2,0.043,19,116,0.99444,3.08,0.42,11.4,0
4865,6.4,0.35,0.51,7.8,0.055,53,177,0.99502,3.12,0.45,9.6,0
4866,6,0.43,0.34,7.6,0.045,25,118,0.99222,3.03,0.37,11,0
4867,6,0.52,0.33,7.7,0.046,24,119,0.99224,3.04,0.38,11,0
4868,5.5,0.31,0.29,3,0.027,16,102,0.99067,3.23,0.56,11.2,0
4869,5.9,0.22,0.3,1.3,0.052,42,86,0.99069,3.31,0.47,11.55,0
4870,6,0.41,0.23,1.1,0.066,22,148,0.99266,3.3,0.47,9.633333333,0
4871,6.2,0.355,0.35,2,0.046,31,95,0.98822,3.06,0.46,13.6,0
4872,5.7,0.41,0.21,1.9,0.048,30,112,0.99138,3.29,0.55,11.2,0
4873,5.3,0.6,0.34,1.4,0.031,3,60,0.98854,3.27,0.38,13,0
4874,5.8,0.23,0.31,4.5,0.046,42,124,0.99324,3.31,0.64,10.8,0
4875,6.6,0.24,0.33,10.1,0.032,8,81,0.99626,3.19,0.51,9.8,0
4876,5,0.2,0.4,1.9,0.015,20,98,0.9897,3.37,0.55,12.05,0
4877,6,0.42,0.41,12.4,0.032,50,179,0.99622,3.14,0.6,9.7,0
4878,5.7,0.21,0.32,1.6,0.03,33,122,0.99044,3.33,0.52,11.9,0
4879,5.6,0.2,0.36,2.5,0.048,16,125,0.99282,3.49,0.49,10,0
4880,7.4,0.22,0.26,1.2,0.035,18,97,0.99245,3.12,0.41,9.7,0
4881,5.9,0.54,0,0.8,0.032,12,82,0.99286,3.25,0.36,8.8,0
4882,6.2,0.53,0.02,0.9,0.035,6,81,0.99234,3.24,0.35,9.5,0
4883,6.6,0.34,0.4,8.1,0.046,68,170,0.99494,3.15,0.5,9.533333333,0
4884,6.6,0.34,0.4,8.1,0.046,68,170,0.99494,3.15,0.5,9.533333333,0
4885,5,0.235,0.27,11.75,0.03,34,118,0.9954,3.07,0.5,9.4,0
4886,5.5,0.32,0.13,1.3,0.037,45,156,0.99184,3.26,0.38,10.7,0
4887,4.9,0.47,0.17,1.9,0.035,60,148,0.98964,3.27,0.35,11.5,0
4888,6.5,0.33,0.38,8.3,0.048,68,174,0.99492,3.14,0.5,9.6,0
4889,6.6,0.34,0.4,8.1,0.046,68,170,0.99494,3.15,0.5,9.55,0
4890,6.8,0.22,0.36,1.2,0.052,38,127,0.9933,3.04,0.54,9.2,0
4891,4.9,0.235,0.27,11.75,0.03,34,118,0.9954,3.07,0.5,9.4,0
4892,6.1,0.34,0.29,2.2,0.036,25,100,0.98938,3.06,0.44,11.8,0
4893,5.7,0.21,0.32,0.9,0.038,38,121,0.99074,3.24,0.46,10.6,0
4894,6.5,0.23,0.38,1.3,0.032,29,112,0.99298,3.29,0.54,9.7,0
4895,6.2,0.21,0.29,1.6,0.039,24,92,0.99114,3.27,0.5,11.2,0
4896,6.6,0.32,0.36,8,0.047,57,168,0.9949,3.15,0.46,9.6,0
4897,6.5,0.24,0.19,1.2,0.041,30,111,0.99254,2.99,0.46,9.4,0
4898,6,0.21,0.38,0.8,0.02,22,98,0.98941,3.26,0.32,11.8,0
